Date,Mkt-RF,SMB,HML,RMW,CMA,WML,RGR,QMJ,LIQ
2016-10-14,-0.01312996963287505,0.007163029848204342,0.0016648729320444047,-0.0072820448763891675,-0.0026996876514132026,0.0009931106507345038,0.006846245437385902,0.0009564275214078745,-0.0003480855917386053
2016-10-21,0.012774589215512,0.008470305261005243,-0.00028898458875342356,0.011082427040180146,-0.018943524857195235,0.015398004119455865,0.010521520994034438,0.003907097585267916,-0.020115083951319737
2016-10-28,-0.006332622718647651,0.007429813516520281,0.012694981622780065,0.016716826929864707,0.006693110379240167,0.021273790864244704,0.0049422544725968055,0.005098169142516075,-0.0128995196136148
2016-11-04,-0.02364551979624918,-0.0007097583203899832,-0.00612440375842253,0.00864213747826098,-0.004570543335973922,-0.021011875102087824,-0.011545728777212928,0.012439485760981701,0.00011150931384507068
2016-11-11,-0.01629763691270192,-0.01540234130715011,0.03816915246419125,0.013049168528019444,0.011962509972623117,0.03056394347793107,-0.006404143995670776,-0.014059221121229145,0.004440953960251289
2016-11-18,-0.026782989074925267,-0.021926379307752934,-0.0009930939786893939,0.01674046938742735,-0.0002039052671634553,0.016583087368653236,-0.019191154953301915,0.012550263436043377,-0.002146815846100908
2016-11-25,0.004978846750106403,0.008465200724876797,-0.00026972634496688977,0.019902534852985,0.004885378125235037,-0.012521773406762164,0.008890229735612983,0.017673020265416235,-0.003577614313781719
2016-12-02,-0.003389078621930386,0.00032767873264532427,-0.01220107431878948,-0.0070588756324442645,0.008564922123224404,-0.0031638365474511033,-0.007938259234858054,-0.007793501128388711,0.004162153492444408
2016-12-09,0.02163404554804127,0.008223096410887375,0.018490178241577764,-0.006224689733401938,-0.0028523892395566457,-0.004711737723752031,0.009726804299696124,-0.00613635019829227,-0.020070949341569434
2016-12-16,-0.01480313549641421,0.006206346685860235,-0.00939814192565915,-0.0036354488701980207,-0.012461561073880098,0.00792156360353291,-0.0030925505853361124,0.0006533360560315657,-0.010219255716638117
2016-12-23,-0.01888336332606544,-0.0028257409316743906,0.0015084414356883943,-0.011859429277875439,0.00449504555000807,-0.014064305719742674,0.001427409176672858,0.0014755713902574255,-0.0023668857028403267
2016-12-30,0.02505084740788277,0.007254380540587524,-0.005641728598698711,-0.01114363665218367,0.015713062532241858,-0.0122351758336933,0.003580685825189528,-0.005835910022029128,0.004653689956994299
2017-01-06,0.007085440810168153,0.0034092150874603377,0.02268293898717406,-0.010746907409504226,-0.005898290705457127,0.011401312055681269,0.0015757952925248876,-0.010341368341550933,0.0029484253402739455
2017-01-13,0.01899000562804609,-0.00014817855412857864,0.0025119896571014315,0.00168560967894716,-0.004607708069205671,0.007914301832289448,0.0036342191865676964,-0.0006335319432777438,-0.0030743444902594994
2017-01-20,-0.00607117588809436,0.007011451610235878,0.002944985384727577,-0.009437472444386603,0.008790700407587067,-0.010196060249723566,0.003995989294317503,-0.010501230960752216,-0.00016497274222310068
2017-01-27,0.03496085375287694,-0.008170502335213069,0.022398794624332377,-0.023858145691317365,-0.00604355825141277,-0.0024283253285189987,0.008125523408224644,-0.016186018011264163,0.013807931197225981
2017-02-03,0.011537705229278217,0.009110352597197943,0.0054484293853111695,-0.001534981899917326,-0.0034242675452388245,0.016549092833418943,0.00795141825161107,-0.0027307210621554806,-0.006465756715579574
2017-02-10,0.006017607719948748,0.0022379836909977337,-0.009885730487488377,-0.01454764892728346,0.001288064897269705,-0.0008594570076010284,-0.0033462943486241344,-0.008649455591921784,0.00193398604721229
2017-02-17,0.0032012544706341295,-0.00904561497848565,0.0029034935192418267,-0.0035765437548397985,0.004916282577465803,0.004328851657424844,-0.0032005767538351615,-0.0019468246088744988,0.009532469114977784
2017-02-24,0.013353412843262857,-0.009933631725264971,0.005743927023442053,0.0013549739480004704,-0.005951246269990811,-0.0038326780969728403,-0.005108318874079394,-0.005994856221641899,0.0034136882604425475
2017-03-03,-0.0046926780370826204,0.01208360251721165,0.0005473749100309852,-0.0024741306579852632,-0.003921751292465227,0.002622938262689089,0.012517724752183232,0.0031379558413865724,-0.00843615260860754
2017-03-10,0.004158448203404053,-0.0035926897210035637,-0.011948733543621616,0.0041227485604896225,-0.001986260492795885,-0.006262949048831645,-0.00807048092998959,0.0021526614531583487,0.008153334493696825
2017-03-17,0.025239100450443752,-1.4899161176758213e-05,-0.0002899150833371722,-0.007029547731364515,-0.0027048227719961293,0.0014823998333706664,0.0035154748611391264,-0.0043710847871565595,-0.004546313817418195
2017-03-24,-0.005682262192599041,0.012472416950337219,0.010504640517299393,-0.008870909194190115,0.0020581445894503098,-0.002990635098628624,0.013767384723472786,-0.008475936292556576,-0.009877870332257722
2017-03-31,0.007218928414580494,0.006421679853414049,-0.00011757736184329903,-0.017811700513199295,-0.0043025146578211364,-0.014751084488355576,0.00818815312561284,-0.004612761700740136,0.012370981571242598
2017-04-07,0.002676092621610504,-0.004349057788082148,0.0017317009910176283,-0.015655029088937802,-0.003480490572909759,0.016826659000171284,-0.001966308700813495,-0.010748810990966693,-0.0013135848772501003
2017-04-14,-0.005163997804876308,0.007894687640202605,0.009804243684789334,-0.01198948568124808,0.00673205947774236,-0.012102658086818928,0.013445724774100876,0.01297772402360619,-0.003854678638793661
2017-04-21,-0.0034313300184335427,0.017173558281188214,0.013757434084497071,-0.018762078475039766,-0.011817545539486104,-0.01085594840390223,0.01050613107480773,-0.013396862803614667,-0.01343973733866953
2017-04-28,0.02024797751531171,-0.003424635371966217,0.01006736954558796,-0.0011761257788841864,0.014080359360154665,0.001589289459759488,-0.013198140400100717,-0.0036150175539299122,0.004758243264348655
2017-05-05,-0.0020152514650720876,0.0005844203010283492,0.0015543970989369354,-0.024901616824057733,-0.002589102849479192,-0.011646499203870776,-0.00230131149797445,0.014438967316317825,0.002736975275399789
2017-05-12,0.012449849586885886,-0.011930766391257773,-0.01841567670220087,0.001571366426800131,-0.013881446669666947,0.00027587922710091417,-0.013621423243846258,0.0116586047471815,0.006874317118787896
2017-05-19,0.002872065321203321,0.0005786132715000225,-0.003560609789603021,0.021647425831017593,-0.0062778483261042494,0.0058950013325965115,-0.003997710592929617,0.011960525591303109,0.0012896151623122912
2017-05-26,0.01773451265100978,-0.0011327805614817412,0.008296209677923662,-0.03767429929538968,0.0020991942261241086,-0.026095543615683232,-0.008106238636346217,-0.012394148064409048,-0.00812617317810729
2017-06-02,0.006086480912396164,0.010076891565691089,-0.010644571944739539,-0.0022356554524476987,0.001045188389567379,0.00391135569991787,-0.00020624932991859107,0.0007348732179420208,0.003728889536385553
2017-06-09,0.0015279432330241871,0.009258836504818093,-0.00846210483355012,0.0008898751859309686,-0.01762216949047472,0.006590685555085471,0.007031448235733545,0.005836198162567425,-0.011685534708659436
2017-06-16,-0.00829521323016058,0.0031498675520396035,-0.009305222214042544,-0.0013774399471406802,-0.005852014901212257,0.00502995624589799,0.01553408611099677,0.003963624298286253,-0.0010275011557654712
2017-06-23,-0.0013662433593738532,-0.003028356676107685,-0.011839071481205155,-0.0006131612336669062,0.00028551643283280734,-0.0021203375563152733,-0.007650067813674166,-0.0001452126792347158,0.004808775549713198
2017-06-30,-0.0056449175802461005,-0.006795201200140992,-0.006059421163998284,0.0014292205558081228,0.007034129823999949,0.0078998042681187,-0.0017397260832637202,-0.009139584383660491,-1.4202240731158583e-05
2017-07-07,0.015219087283507182,0.007689948275686826,0.003647200678566248,0.0009322677779945998,-0.012638002682397263,0.002942513642191495,0.01930454349115198,-0.005865792300004672,0.0041238921662447685
2017-07-14,0.02281754320843099,-0.01734345463921168,0.0060783186548366355,-0.002592699731812965,-0.007432155380321997,0.004965852240708925,-0.018938779709711005,-0.0033033406442080256,0.007858839714004773
2017-07-21,0.00292326204988691,-0.01500883051547984,-0.009738226326366062,0.005561196365583763,0.000152635689326025,0.015428884930512279,-0.018246478110387973,0.0031183218345186324,0.012841159719834922
2017-07-28,0.010009833337535579,0.0035521586256703572,0.00020489639341552323,-0.007484171504131458,-0.001750244509145017,-0.005096745778544943,0.0016938177819857193,-0.005237616410967656,0.00828851574103027
2017-08-04,0.0051825244021168615,-0.01841521784559603,0.009117813301895246,-0.005721685934017294,0.012357221660222099,-0.013855745338592608,-0.03125760520325053,-0.008954897249287568,0.004845557796089108
2017-08-11,-0.035325495920932815,0.0008731066956942229,-0.011746206830750311,-0.01453230048452623,0.011486945638401518,-0.030926595949985362,-0.010166686312247396,0.0015967129014541614,0.013660988827374959
2017-08-18,0.013037091535589962,0.00767800654202502,0.0035603483514081227,-0.0038462772462773166,0.007391833787725101,-0.008189016411215638,0.016371799592502876,-0.006010787879747716,-0.004519777336226872
2017-08-25,0.001997419367135489,0.00015393899261067898,0.0012013988851518288,-0.004881771659452669,-0.002896064429462544,0.00836568579030812,-0.010416406582128297,0.00044587154539425713,-0.0032639088651424566
2017-09-01,0.01190524429344908,0.007123697768087078,0.0016748397930883008,-0.012946862944932063,-0.019252894753617324,0.012672905780490299,0.008146286186716738,-0.0017452353893586924,-0.0031040464002197662
2017-09-08,-0.003970222207514418,0.011577459265614352,0.002458653646012692,-0.005205432491531662,0.0037603876576348116,5.867400519389207e-05,0.003114879735288403,0.0018210354328438033,-0.011916494198046548
2017-09-15,0.015158894884468976,-0.003150823768534223,-0.005345861938768806,0.00038081016288811845,-0.0006721460176555803,0.012698333302361224,-0.0019917766012409258,0.0010487716983149653,0.003604915320245799
2017-09-22,-0.011997540535175655,0.002206511215101386,-0.012902382642208474,-0.0007954473276470374,-0.0023620705371254283,-0.0012987011058432536,-0.010887386737396487,0.00921364611386064,-0.005976009944872421
2017-09-29,-0.017642886110377676,0.0094214783100693,0.0009732853965890593,0.0010720146434148904,-0.00577695381032621,-0.006450927675964221,0.006877746219607153,-0.003389640638882453,-0.003128908093128529
2017-10-06,0.01952277072958153,0.008666273768970504,0.007905003825891026,-0.011233058867406841,-0.004069375977681734,0.003014218262681452,0.011255225657485584,-0.015961072874677323,-0.0023774456868875735
2017-10-13,0.018813190409085356,8.060948509577143e-06,0.0047524578776772936,-0.006770349867388942,-0.0009364779065103839,0.002134912290300826,-0.010521049690930236,-0.0014569292802584614,-0.004702950736418144
2017-10-20,-0.002055617703899393,0.0047421730846491286,0.0028692914684824776,0.004629383832706417,-0.0016711339555173378,0.0015859982889390302,0.00740230883272879,-0.002604334939138189,0.0027595491160105766
2017-10-27,0.017395075508175317,-0.022255673616030567,0.036320961977783624,-0.013330988116523857,0.0013108830552125555,0.01205215474433707,-0.01329354791532682,-0.028543134582327812,0.0058258386867889485
2017-11-03,0.012539917733780381,0.007764044848796003,-0.010570484666257474,0.013308256365328314,-0.023783282762077532,0.0177097901609925,0.009358982387230331,-0.0020081909564668536,-0.0001041188537879087
2017-11-10,-0.012508969146137305,0.0075132231639386034,-0.03014906552647106,-0.010752833304070944,-0.005390250857450741,-0.017023338462699742,-0.007503894069428473,0.00824653096199922,-0.000657763249537425
2017-11-17,-0.0036961165136726315,0.009564468947876045,-0.0038819139428951568,-0.0127323775320392,-0.011031217126899959,-0.007848210032386319,0.009724209061634403,-0.0022058682060280177,0.002161806631778615
2017-11-24,0.010317455946142973,0.0027669992991468557,-0.001120649175552088,-0.008272271254737925,0.000582708961930873,-0.005885976148827198,0.007177783252220658,-0.00870632070324668,-0.02075682206543098
2017-12-01,-0.02578518971566357,0.01433022212833529,-0.011779533159752723,-0.011738938567821221,-0.0039129039745563095,-0.0033932596067437724,0.009616335298605628,0.004086298910531631,0.0008718730940646645
2017-12-08,0.014211957232238559,-0.0032830261748323375,0.002782089306776857,-0.015421995178494602,0.0018078943227544698,-0.01229104125045797,-0.006638363750049974,-0.0071459217390981815,-0.0032187114678218776
2017-12-15,0.0065850293749274424,0.0017129222885218956,-0.003534904186256548,-0.001938066892224057,0.004406791872741149,-0.005730177049092264,-0.010278294491170348,0.0011226391120576853,0.006572765682701664
2017-12-22,0.015459802095178166,0.01338940761431898,0.004510440818640715,-0.002804214003126259,0.003403326305559888,-0.002954725763083574,0.024925362538570573,-0.0027919074280467818,-0.017582202994082204
2017-12-29,0.0035928900517010476,0.0048482670252284685,-0.005928940302185031,0.002692885822733016,0.0025070860677125495,0.004957925765639144,0.00046464053374334346,-0.0007210619846498637,-0.0020067971939834416
2018-01-05,0.002673080948124351,-0.0009267134741794518,0.0050805775891646626,-0.0009241035239454,-0.008563322936065298,0.011012009890527225,0.009540565635931591,-0.01708707435400985,0.010977583721446194
2018-01-12,0.0115922089198357,0.007337409743655006,0.00933002624396908,-0.010608026615783146,-0.007753511015683567,-0.00214321983032486,0.0013755377127937238,-0.011206374759195486,-0.006001432742986515
2018-01-19,0.019983634435342346,-0.010726087818738588,-0.004019157405814402,-0.008288540644027644,-0.007220071859960765,-0.01850636899691438,-0.027532365694872954,0.006810985733949559,-0.003952433414416258
2018-01-26,0.016058284503117637,-0.007113844307552153,0.002453303973581361,-0.003197342138464246,-0.020248808374719464,0.013459656268189787,-0.018042443158331152,0.00424373193178387,-0.007163612167847396
2018-02-02,-0.027918748139664662,-0.010622155501685562,-0.017710563540727885,-0.011967410852435405,0.003897513706198237,-0.02460751555412625,-0.019170078527134676,0.012442099569311568,0.01505116251642917
2018-02-09,-0.028404496511161725,0.013301639403689017,0.00402957669790944,-0.006682480299303529,-0.006537878769043319,0.008506975376813766,0.021289686398253006,-0.013163631545949996,-0.014659159573282973
2018-02-16,-0.0002535058106912791,-0.003056665408118878,-0.012815205770402715,0.012573143548534449,0.0015588088098350654,0.0069577605105853625,-0.0023735488496223183,0.016666815696896507,0.011516391192131725
2018-02-23,0.0037073180758384616,-0.0026113499256602093,-0.0018279187417431235,-0.006428851597233233,0.0010655533002331434,-0.012657318933578281,-0.007143046227623526,-0.002745081657956696,0.0011133550507570035
2018-03-02,-0.0031169612118217005,0.011298885252035856,-0.013403238441108451,-0.0024286698202920414,-0.0018135522891799712,-0.005138832622792579,0.009664961832723865,0.0024376486047359954,-0.0013437322094051944
2018-03-09,-0.02213542371852628,0.009464452118068702,-0.020751845666474387,-0.0038386303928387884,0.0020175425513628414,-0.025954197495473424,0.005011424899476848,0.014335983163035835,-0.009535847797864965
2018-03-16,-0.0030996074021604203,0.006208394380631797,0.01477155056207264,-0.006923237586715429,-0.011763054867469267,0.003039802935743915,0.0037790713685279297,0.0017423464240278975,-0.013230377998324539
2018-03-23,-0.019332778662955796,-0.0009664489588889595,-0.01115797691411316,-0.0004095260690125009,0.01409663970393914,-0.007200080329397132,-0.00911777798447128,-0.0020224716785511056,0.007705822536789211
2018-03-30,0.011567294910931336,-0.00112331295483507,-0.001566225465981022,-0.008675734945376266,-0.00922836442469185,-0.00559988100653282,-0.002139863096881061,0.00451301886929443,-0.0009565374172247551
2018-04-06,0.02154497462397509,0.00397996524315939,-0.0005851587972187447,-0.015043721933935692,-0.018513300147814785,0.014390813100288107,0.01354224849613114,-0.008369596135653093,0.0013027126680028728
2018-04-13,0.014421774520258834,0.0019117230698809991,0.004728714098750281,0.0020446876822527047,-0.01359088039249187,-0.001497178910546567,-0.006471824404871692,0.007236705997970465,-0.007511183896128898
2018-04-20,0.007962349333319851,-0.0005582531487606131,-0.01619927477407051,0.0075201902168720944,0.00036488349260086796,-0.0048366770368326005,-0.004770069604351475,0.003913980471692582,-0.0008964750908683292
2018-04-27,0.012140230533852048,0.010450342618987803,0.00016419383575052258,-0.007588068396679719,-0.020461793923322463,0.003839740125760289,0.008438071072424797,0.0025029437122763513,-0.007506687115806853
2018-05-04,-0.006925526410607841,0.0054490983747016615,0.001094966581594848,0.007732549548707942,0.0027725863637738067,-0.00889303103119286,0.007827165221807078,0.004048035396131699,-0.0028268590911893
2018-05-11,0.017728910131142195,-0.005484451078917717,0.0034448097408461536,-0.011184564714611748,-0.007904273431111088,-0.004331215272637463,-0.025097416366963027,-0.003230541968729306,-0.010973063768516816
2018-05-18,-0.019441966351270046,0.0077972017277270315,-0.013547016097196411,0.010028180899845522,0.0028365530226099993,-0.022281077817412256,-0.014149227919434838,0.020935240931958823,0.010863453908947773
2018-05-25,0.0008257521117964739,-0.005091123401874677,-0.009047795594120332,-0.0019297969542940102,-0.017092920457124683,-0.004595905157012293,-0.006589770469805728,0.01643041411442557,0.0044551486066221925
2018-06-01,0.008585432675050741,-0.012182935048612835,0.012911739550844537,-0.022829662955721072,0.0025208041181648882,-0.00733654668920738,-0.013001616010355765,-0.008637816901075233,0.012680571965174317
2018-06-08,0.006679960547467445,-0.002016160723645367,0.0006618104523830465,0.012078076320007566,0.006779994836510907,0.015232906924202459,-0.0027086360929944805,0.0034257653234720806,-0.006020561110456388
2018-06-15,0.00464816397930945,-2.133833211007607e-05,-0.013713469637996058,0.014082326426275379,-0.007479588290816243,0.010146714027333914,-0.003864438614692496,0.003662859096089222,-0.009985362699075209
2018-06-22,0.00038357635981611793,-0.003924291688823368,0.001009153392228769,-0.006985911589897784,0.0005471464083005931,0.0009750589362708222,-0.005461382810744561,-9.656484054430467e-05,0.00452107073115998
2018-06-29,-0.009938209138882215,0.001466354570622018,-0.011905219277816455,0.009929303480767444,0.01759561468044237,-0.019195415089674824,-0.012601766650438398,0.004818786096999959,-0.0005046465047410693
2018-07-06,0.005446047525380138,-0.002247599517549544,-0.008122948055617711,-0.0118498205390983,-0.003861024835707132,-0.0010639686332008754,-0.003158832727169409,0.010967034750908992,0.00021608899934751243
2018-07-13,0.02285881292632519,-0.00995815247360559,-0.02337783963089249,-0.0010015579191967865,-0.021511459937875718,-0.003277031975846939,-0.017945546240425533,0.0133298485363057,0.007184056006320285
2018-07-20,-0.0007895701934017563,-0.001033165332783973,0.0032438493757468954,-0.020211079451075753,0.0034463900280208466,0.0028202893686763344,-0.017393843284418047,0.0017501826085293305,-0.0009439523167992037
2018-07-27,0.024354635638383915,0.0016935611976853782,0.021008672135918477,-0.02215419363717789,-0.0017408810081560935,0.012996027908833238,0.011465923576333248,-0.01730993066546288,0.017845735255752733
2018-08-03,0.007310484083944635,-0.006290938753430949,-0.015558835218190022,0.017969724242819562,-0.0042593497510561365,0.022903333169276452,0.0052938177726619615,-0.0010195050485751929,0.0016227965397188522
2018-08-10,0.006047126654247892,0.0020116027461169303,0.006483913595748825,0.0006002377609441245,-0.007658744500059545,-0.01214672777941598,-0.002818238560429387,-0.00726617891469924,-0.011887280354806889
2018-08-17,0.003609081762106836,0.0027975894246469214,-0.021098365343478358,0.012320397272339417,0.00015151518002493036,-0.003527585709753039,-0.00338830777770573,0.005032096348237449,-0.0020266842083596845
2018-08-24,0.007527808502059585,-0.0018205168946840052,-7.800023586638886e-05,0.006633376569601017,0.006077793827837264,0.006963625203610045,0.0005515927519074027,-0.0050613450476796815,0.006157506340245415
2018-08-31,0.010677453236182188,-0.005925129251388654,0.00517852848207114,0.004589097819782402,-0.0018899684257066458,0.007253599877784126,-0.0014726093264986924,0.0030700456003531166,0.0017165326197277307
2018-09-07,-0.007825040933607252,-0.007838371867319322,-0.0030793566554733424,0.01733590483135828,-0.011161590213823099,0.022329366316023634,-0.003573323636029014,0.011636685006171632,-0.0076912596699422
2018-09-14,-0.006376631192531956,0.0017161290691851813,0.0035319328486224533,-0.0009600979772582483,0.0023118364271595302,-0.0008408945371995834,-0.008594166846259077,-0.0023063303563909225,-0.002048594628969642
2018-09-21,-0.032313861646015574,-0.009908956130767747,-0.0012021918352707883,0.006773513594928705,0.01598563097193804,-0.012060458299751345,-0.014613763073717409,-0.0007206342477627387,0.008858260324635756
2018-09-28,-0.01908350652125479,-0.007848540641039237,-0.012128534838203184,-0.0065706164785360455,0.01473779267718981,-0.011406414748380847,-0.027260805581753395,-0.005924579052101156,0.011530744194966455
2018-10-05,-0.05617334959024034,-0.0035913147342570145,-0.005608156680910768,0.03840077618511797,0.0016475689933904553,0.004383327749091365,0.013387777997466925,0.02964864642769239,-0.0048773882707777855
2018-10-12,0.015126308151849122,-0.0006918434832086165,0.013004461954784743,-0.0017408681338008623,0.007727020427935025,0.011572707391731663,0.014888182841905784,-0.021141993503436554,0.012616242187070945
2018-10-19,-0.016132747224874677,0.0019205603205313913,0.0025861399880547156,-0.014025523578606352,-0.0071219191866399075,-0.004427889027005727,-0.006167679458012626,-0.010833981580548317,-0.005085080573881603
2018-10-26,-0.026549083555946096,-0.0007729928427660862,-0.000633177405959081,0.014768032757857362,-0.0035471244466779503,-0.0025675913432744307,0.0069533650675062016,0.019322850297856856,-0.002052358193503929
2018-11-02,0.052143569292123715,-0.009408222514353116,0.004481818532426504,-0.03492316401476313,-0.024790670620224435,0.03285886265578261,0.00020082370711425185,-0.01841231174207541,0.0028780322433112904
2018-11-09,0.003051283550886019,4.723860550715636e-06,-0.008321239578655317,0.007290624318827982,-0.004373357085655078,-0.0015974900785621533,0.013982871696718482,0.016064641720010455,0.006626684579348746
2018-11-16,0.009163737880267586,-0.00917832334844108,-0.011245953546424135,0.005545506926385162,-0.010764218784165697,-0.009864245538035055,-0.017354994082048013,-0.002553373931101856,0.01490354571178235
2018-11-23,-0.014552263809913812,0.0066890021997779376,-0.00940053185303443,0.0004279125071446656,0.0007806205652277727,0.0005899459086279408,0.009200889747549453,-0.003041600113297179,0.0047482948757733325
2018-11-30,0.03324862849407473,0.0028355246353763373,-0.022437921008514366,-0.015721431177823594,-0.0013100003816094476,-0.008287834508911962,-0.014566971396086438,0.005778339391810353,-3.1070646083573156e-05
2018-12-07,-0.01682945775967082,0.0035792946563839856,-0.0053902395953395466,0.0034370802643037095,-0.01009670922622986,-0.015774427275775355,0.0020473486880350326,0.014858036673186265,-0.00835582724698752
2018-12-14,0.010450077892494525,0.004794653490850724,0.012634223214289801,-0.010886302997715855,0.0009904208671815719,-0.007805841220921685,0.00496863410845319,-0.002794353593088394,-0.0035454100293207495
2018-12-21,-0.004761504091224222,0.00030552998679525545,0.0067945451190728826,0.0034497246606435984,0.001969470050002446,0.0003365404967884068,0.006555266888274611,-0.00608041995812204,0.0005372925933961586
2018-12-28,0.009847534928863588,-0.004303937036997926,0.011203011696224653,-0.003346763770879889,0.006658491332242445,-0.004497975803684321,0.0048068784466526295,0.004004683305862921,-0.0016679966614038767
2019-01-04,-0.012205524588828398,0.007507684939569244,0.008586029528389959,0.00582329914942359,0.0017118522853517403,0.004659999348829643,0.006934456414145092,0.0009245331461211932,0.00012074159383530271
2019-01-11,0.006301704372384975,0.0030058121763005016,-0.002036316724661197,-0.0025559464877025753,-0.0054676821079960945,0.0035392442945922638,0.0017035211263071847,0.005446480080438406,-0.004850197977721668
2019-01-18,0.010375221559487446,-0.0002755466258151729,-0.0054817252999407725,-0.007112822623667867,0.0053352889650690166,-0.007206990765716379,-0.006394872015462349,-0.0009213096428833871,-0.004257655721582456
2019-01-25,-0.01158897660313174,-0.0013120377016465415,-0.011092668411629723,0.010858309427806322,0.007564516727458,0.002787316176059075,-0.016155318208145315,0.00973243836378344,-0.003314229587265391
2019-02-01,0.010491170486344181,-5.8117263956257784e-05,-0.0040051879469144526,-0.0056420668507287195,-0.007765881274881384,-0.0244642401952319,-0.01444158486084656,0.013093469589979768,-0.003694519980852755
2019-02-08,0.004585168144645602,0.00169744719921942,-0.0014636014280634737,0.0017569234025015985,-0.0002006120267501058,-0.010071949410747075,-0.0056578540937390395,0.020199647033688074,-0.008538112104000538
2019-02-15,-0.020029901181894405,0.002108910424937157,0.00568763659451758,0.01509964439612968,0.017066127080106054,-0.015388794749902391,-0.0011375577019854324,-0.011609066595520884,0.0037866818867329823
2019-02-22,0.00627074685301654,-0.004935427362673002,0.029690835459876337,-0.007599564826206499,0.011454761071556872,0.008994891982661388,0.007534841706795272,-0.02515453869291428,0.005996615826148414
2019-03-01,0.006657888902462661,0.013206810606392859,0.0027983667009257827,-0.010706278471320194,0.00587276670666307,0.012816625713573317,0.021994592918072407,-0.004195418862665473,0.0025202299885219506
2019-03-08,0.015823665542872956,0.007522913476126675,0.0059020924310931346,-0.008464140236648765,-0.01296878312021527,-0.005025160794840628,0.007769295776812924,-0.00924254005926081,-0.0022046731453932607
2019-03-15,0.03547213557222184,-0.0025425868901485897,0.004448304888720892,0.009067329290350694,-0.0064325335126649945,0.007957036601747756,0.00044778332217000616,-0.0039002366381251444,0.0013916553490304802
2019-03-22,0.0026298395688471032,-8.567381202799658e-05,0.006831877401273929,-0.005018152929355612,0.0018071099134832824,-0.002732647290095966,-0.009109481963373025,-0.009913702491053387,0.0020287918388158933
2019-03-29,0.009871745892767514,0.005007405681373702,0.013505229121658711,-0.00203406900948405,-0.004019335691696488,0.008035114876475374,0.006982910865807455,-0.0020129665047806857,-0.0014608428826308455
2019-04-05,0.0082930160166379,-0.0018643252664579044,0.0026161385791630045,0.0027591794853726852,0.005389310856844172,0.005861314823759543,0.0019727072257686006,-0.004291172358914536,-0.0011330041631905097
2019-04-12,-0.0019286898729466984,-0.013709905872097021,-0.0027654141573328836,-0.0006145437200653271,0.0017696133817632419,0.005313234495848859,-0.013198690602346512,0.009959990223081791,0.00574428810541161
2019-04-19,0.00939151261359128,-0.005559830097190401,-0.012617674475993672,-0.005826388073663448,-0.007363905748752564,0.0017117391781668826,-0.01356785932983224,-0.0013494501544926236,0.008906101572053769
2019-04-26,0.0001574591559674321,-0.0023652423147685914,-0.004769569775662301,-0.0009996800868152834,0.015861028374553165,-0.010035268183533763,-0.015798209443232344,0.0034267311265935487,0.006065747426888294
2019-05-03,-0.0036071162659858658,-0.005522527958033541,0.008172812355132232,0.005404991219403358,0.006627164015768308,-0.005447320799566972,-0.005729410292432155,-0.005589308831195062,-0.00405835439760855
2019-05-10,-0.03699968916092122,0.004290600808714698,-0.007136720060373657,0.004466306145971592,-0.002916544387229183,-0.009101653712407683,0.005192309357888499,0.010228943643829962,-0.007742533187239421
2019-05-17,0.011370789310862328,-0.001161386629509827,-0.007097848369506872,-0.013920622979454244,-0.006796880844044307,-0.022450038979717077,-0.012702430027167009,0.02184996431887322,-0.00039738675410546254
2019-05-24,0.03830485299020059,-0.005560424049643409,0.015909063178637578,-0.019639732968038497,-0.015789933547326593,0.018960734128662927,-0.00085646538671319,-0.02294629977139847,0.021463471470058212
2019-05-31,0.0066446752313875646,0.004343355315641442,-0.007651446219667203,-0.008307815276093866,-0.008467747247014181,-0.00920915763944576,0.005131675975247538,0.005903761249183665,-0.006517572597101541
2019-06-07,-0.004373923484146558,-0.0015152560943661516,-0.0053834908898636145,0.009083047376040543,0.0014575937698666133,-0.0166821582335696,-0.008746150228441418,0.009981291098029683,-0.005149217586361016
2019-06-14,-0.003988878821239328,-0.006346522960804178,-0.006909998825041539,0.005489993069238531,0.0013052388218883597,-4.3212148990186446e-05,-0.005451908434356705,-0.0015587676217301083,0.0034636820612936143
2019-06-21,-0.008390229204301436,-0.0027297251144533614,0.0031630125862464158,0.001437679829340943,0.0036289285660052375,-0.005499296633041606,-0.0058767746711596465,0.004130246620493402,0.009452536487009193
2019-06-28,0.00552281216957784,-0.00568102547000154,0.0009302764651375854,0.0024835729047386103,-0.01476910469872783,0.00888920213606716,0.007245485867717493,-0.00354556396995653,0.006193697582003919
2019-07-05,0.001891684260037163,0.0003029138474104267,-0.009356459431354828,-0.0005768021396162651,0.005959045613507292,7.660951130279182e-06,-0.0015564466246856664,-0.0008270674601383518,0.00398768480217315
2019-07-12,-0.02189883136449622,0.005215019121935683,-0.004864834114198335,0.017442121028653054,0.005980179676457576,0.014920697833089688,0.00628144536451746,-0.0054866818462699675,0.002640597659931177
2019-07-19,-0.01153429993507904,-0.005712113915184121,-0.011412799868930009,-0.001442176683525219,0.010025557953940261,-0.031214577322366835,-0.01691537085946956,0.0010749201722934608,0.0009198702192764197
2019-07-26,-0.011817780967445346,-0.011750545305882302,-0.015376448314565557,0.004881521508618706,0.0023703506918020204,0.003312892365000631,-0.012139539759094597,-0.0068184751634882,0.021948397823830984
2019-08-02,-0.025429153804766957,0.002419510983390615,-0.03531334860723101,0.006840601651393479,-0.019080347243728757,-0.009319155757872566,-0.0021103157119990133,0.020094370195451315,-0.002674378166848266
2019-08-09,0.010211622367108042,0.006545492915904843,-0.018117553691984926,0.00940794588752759,-0.007527221190030325,-0.006265657414171297,0.0037072122884834764,0.019926983965401573,0.0036901431270931276
2019-08-16,-0.00556728463657985,0.0007951485115913204,0.0008100971621599583,-0.01834496688726405,0.008129483331231748,-0.01286488176380229,0.0007527774608898658,-0.0009034577371370596,0.0020440554661575946
2019-08-23,-0.01977318553688967,0.0015211070134595502,-0.028849629748849172,-0.01157813550766262,-0.0004672417137602698,-0.021394670150943235,-0.00168731671369984,0.008989716355949473,-0.010289447622220933
2019-08-30,0.017905081802617184,0.010382764110912407,-0.008701780798691598,-0.009267335142329317,-0.004706011101661769,0.0032074541490999912,0.0010866249631120012,0.004654643646075676,0.0009051020119823158
2019-09-06,-0.006989753900845885,-0.0025674688272735364,0.006302397646927448,0.019711482197961486,0.004803908178756713,0.012152621718697826,0.004630005200584045,0.005143782329362175,-0.009719216523880357
2019-09-13,0.011848878423404097,0.006135674645390943,0.005855358082904969,-0.010983578859561537,-0.009327899572851423,0.020763605388436718,0.003695020149354083,-0.013413627227354855,0.010105921330396134
2019-09-20,0.017903718676934632,-0.0008571564392184858,-0.01752634957463978,-0.012089261929500501,0.0018663009207368735,-0.008838815580470512,-0.011130586206885151,0.0020816922597913304,0.00850888350872133
2019-09-27,0.021127901863188248,0.004818799177943282,-0.0311879919465376,-0.029287955974121663,-0.020566492888609882,-0.011327968296869061,0.006685675510564405,0.006752893162521858,0.015529564436854774
2019-10-04,-0.02932927792365192,0.0033342487052905323,-0.009940654916204765,-0.0073622851334567176,0.006006114306062814,-0.020997033240252202,-0.006070392675375159,0.014061401512855159,-0.013754656298138736
2019-10-11,0.011660198634197538,-0.006150516780974081,-0.009159120727264434,-0.00832593925928482,0.002552547936535918,-0.0032765229359219485,-0.024354714228503382,-0.007915413437092712,0.009021116256349476
2019-10-18,0.031561099760883504,-0.004712401839077583,0.004119298282544384,-6.744760833406888e-05,-0.022883747707860676,0.027670630955239174,-0.0014680328938934048,-0.00443355766933818,0.0065386743438539535
2019-10-25,-0.0066841214182128406,0.005343048890684287,-0.02634919639717679,0.011095832272862703,-0.001966596075003827,0.003815715882349366,-0.005044524266726748,0.015468301591631041,-0.008547766877656132
2019-11-01,0.026476334257692358,0.0070672735913622775,0.031063130896389516,-0.013480113531770439,0.011187867696494075,0.022183539293209955,0.019845288233554314,-0.006470943078948584,-0.015157948640707401
2019-11-08,0.0014760215486662176,-0.006425120979240988,-0.003206014241195763,-0.001039302923269824,8.199763200035688e-05,-0.0031314217366013655,-0.012172578925338339,-0.008461329065233577,0.021491691992235176
2019-11-15,-0.00106651284170034,0.002647316231329752,-0.009021336014919537,0.0005443278664557143,-0.006061435008848603,-0.006405715149420278,0.0069392195848313335,0.004933896757611469,-0.0041473488283105715
2019-11-22,0.0015930624735807086,-0.006262739591089312,0.02055964337575725,0.007527994458222218,0.007035308971378345,0.02184378280075857,0.006107827802472293,-0.023432324705224314,0.0008835326795947683
2019-11-29,0.01188892511736972,-0.001698085736087214,0.004287188407744405,-0.0005995900671782513,-0.009498184135820733,0.017196302209357736,-0.00038042024010568123,-0.015513403095452278,0.020852392666381746
2019-12-06,-0.011160355743983885,0.01260209462861083,-0.019525758588361607,0.0077228730072686665,-0.008332079949172903,-0.01647368896887714,0.003345020254241519,0.01829933831790085,-0.013872867621677656
2019-12-13,0.013857332996057625,-0.011373702777438297,0.014617198084237398,-0.008975008382050615,-0.0016395518224832893,0.007217992727198186,-0.009414102499903215,-0.010650246254954608,-0.0012054039089903707
2019-12-20,0.015314321227789307,-0.007644858408721677,-0.01022558521202361,0.0017390316792158774,0.0028493896923648425,0.00438859798692022,-0.01391065806148239,-1.4350060689102828e-05,0.0036979314313137753
2019-12-27,-0.0021186786301768956,0.005166845990550981,0.0014945765219557487,-0.008882156827813733,-0.008692321126645131,-0.004884709404227216,0.0030686721524695437,-0.004203817073449315,-0.004948362439939411
2020-01-03,-0.0015637536435284538,0.00884173283773097,-0.005676882252086015,0.00808533369612349,-0.002475041395610573,0.010207511159302398,0.014584200962464126,-0.003599548411448536,0.0018727589926731715
2020-01-10,0.002465876842738357,0.004213373989733098,-0.017931933915398077,-0.0018105360860516968,0.0005807087338052189,0.004238794027187281,0.004094299639366284,-0.0030331502529857323,0.0006334275193747851
2020-01-17,0.007795656795418715,0.012872286483301392,-0.013816141689686545,0.0038557022054405213,-0.0019128122645701816,-0.01445016827654421,0.0159185643062462,0.00919311802080373,-0.007613015348787416
2020-01-24,-0.008427514818394766,0.01730434933697485,0.007136314482035333,-0.011356067171952557,0.00831008654883865,0.010956574737156761,0.013614316296447557,-0.0128562881778126,-0.0027072632055374687
2020-01-31,-0.023362553068805747,0.01802233093248555,-0.021950649268654067,-0.010892348526680544,-0.005229539849114149,-0.022320932461886038,0.013045120827654652,0.025274317374810687,-0.011594641615076826
2020-02-07,0.01139014089911261,0.002154262108416658,-0.010489858198825086,0.00978293489723002,-0.0006785310723683574,-0.0034925757587207368,0.010897514039841922,-0.0036316372354777103,0.020038643014954567
2020-02-14,0.0012481525517991088,0.003102202867046525,-0.026493920616299835,-0.0012462782015448225,-0.001330883134142577,-0.00832675250622961,-0.012737460234944493,0.0071603311798997,-0.0014738177497640361
2020-02-21,-0.0026912717196059255,0.0005749959540657071,-0.021574033583087245,0.010206477393070148,-0.006453236110263311,0.0025568193214305385,0.012284605957703887,0.0053052184398262,-0.005715314566924428
2020-02-28,-0.07276802855759412,0.025059474432307327,-0.03308339392705628,-0.0042616587082426605,-0.0036087419336143234,-0.021287767767558696,0.009183534581984162,0.011009277687168917,0.01776316802992585
2020-03-06,-0.018952378395116876,-0.0054405459138853075,-0.02794944827389759,-0.0024676624218061653,-0.009208324251035998,-0.011711702575347309,-0.01944470089916005,0.007823358927729505,-0.0007731961893800935
2020-03-13,-0.09411298851339756,-0.005281406472767591,-0.018498302288884882,0.004295615747445761,0.0036724463152042752,-0.027638730907639422,-0.010546765392992707,0.02316933434667065,-0.0004386249730660291
2020-03-20,-0.12151940455899846,-0.0278108644336197,-0.03838189760781831,0.02587051642152778,0.024987488089992918,-0.002559772820853512,-0.026048055596958594,0.014333671861892855,0.0571414741962577
2020-03-27,-0.009742230921189976,0.006812827227087329,-0.026059161462808823,-0.0006316972591416878,-0.02385323036786953,-0.007708804396978769,-0.01402412109568231,0.005069727387453343,-0.023460476714613425
2020-04-03,-0.06656276612251377,-0.0003309798723681069,-0.0172155577119554,0.0174370077638169,0.019277788517313408,-0.023983472802691672,-0.0013376999793501057,0.028266864720386458,-0.003968954969141757
2020-04-10,0.12718036205465433,-0.027739936710968624,0.011035289563201628,-0.0013195299131226745,0.0010932465127904412,0.03759070086237057,-0.020484010702162575,-0.0015420480574465933,-0.0013894739877153006
2020-04-17,0.016994216654773853,0.027233848557788213,0.0370619494230216,0.005820447968732795,0.002621661456656134,0.013164528627489513,0.020312059388180002,-0.04428531362715622,0.012507246844391261
2020-04-24,-0.012123949537324319,0.015096272727217357,-0.05116353304502032,0.006200371374452226,0.0035863354370484074,-0.01695784487213751,0.01723875510385859,0.03468734167974072,-0.01919633377345601
2020-05-01,0.0770667624197976,-0.005447626708859933,0.04677506042890261,-0.020051726820723585,0.011137922933006014,0.016988662342583095,-0.011768979233204926,-0.031933420401032524,-0.0190682871578799
2020-05-08,-0.061704516934418474,0.006032985587714812,-0.011702454720446363,-0.00506436078053233,0.005354695672538268,-0.0008976193299692348,-0.013522571651416022,0.003702339369043413,-0.0033302132297250223
2020-05-15,-0.012392627209101281,-0.016521558870134075,0.0022459033197241886,0.0017084274486077293,-0.011427878381003717,0.007266541985410508,0.0008434449951715637,-0.010292661201277017,0.008726003320591348
2020-05-22,-0.010681976123898984,-0.011002478519839067,-0.019653808592298785,0.010421175794729547,0.012170435307161723,-0.028892346815944783,-0.02269753008929124,-0.0044457589420819395,0.017726638108095927
2020-05-29,0.05985560800813117,-0.013468354131393086,0.014246065433147242,-0.013848205926299206,0.008265513398776382,0.021290217406515648,-0.020266853300481225,-0.022427876110693634,0.00016981406238653074
2020-06-05,0.05864645130026047,0.008231599131848955,0.03747775496735918,-0.000558826225175002,-0.02876422839485951,0.0018056742899304479,0.04176847624225163,-0.00523275915965854,-0.021559315067858242
2020-06-12,-0.01668778251961711,0.012540576444982209,0.015315487260032897,0.010325034871696835,-0.01634952221340845,0.03467350036170251,0.02414167554104619,0.007670800101038817,-0.00426007700070199
2020-06-19,0.02722377536781817,0.0013121951795856401,-0.008416686842817381,-0.01167886822413074,-0.01943604558539416,-0.010870689076419183,0.03289291109815438,0.014652959906427933,-0.002351402462700245
2020-06-26,0.013529304214020987,-0.0017666660329870854,0.003652314856217115,-0.006257154571032989,-0.006645170365472276,0.00886219249292004,-0.0030070238532694006,0.013256364302435628,-0.007122817653931482
2020-07-03,0.021607397609072487,-0.007442244834680818,-0.019138317635487637,-0.00698526475025216,0.00867846521769332,-0.00574840632244753,-0.010652547033154273,0.003653028333523909,0.004527600081062879
2020-07-10,0.015149891464920628,0.01974877500396096,-0.0006967677879080592,-0.006976739260872502,-0.0055597776275347,0.025959390596750828,0.004118247006159528,0.0035592997542951647,-0.01946799336984948
2020-07-17,0.0124117545005058,0.004083891095922215,-0.018212930555711077,0.00800423544684443,0.0073147330972844595,-0.016410864076944174,-0.0040562225148263915,0.017589354107370146,-0.026466164584040608
2020-07-24,0.026826108778724933,0.014317978193319422,0.009507173154790431,-0.007487143221729954,-0.004944067312012684,0.006959207291618334,0.007705137907134488,-0.004459265096208653,-0.02337055054556691
2020-07-31,-0.010782434673522467,0.0007890207764565359,-0.03244495663882145,0.014284131653556905,0.0003912524202090489,0.0014680453021630215,-0.016698419091021266,0.0053564114642831555,0.0012784420489535438
2020-08-07,0.012697001105808736,0.013304874652720716,-0.015582122834733595,0.01746238442779479,-0.015090010896766141,0.026117403580192603,0.02633275371342171,-0.003735297451716659,-0.00639033300823132
2020-08-14,-0.003178995517533645,-0.02426298165448497,-0.006339543872621442,0.02055878084690468,-0.0022735661381733264,0.016905137617152028,0.010028433106112351,-0.0073471060411630235,0.009703011676726745
2020-08-21,0.017283261647349057,0.016769428680708513,0.017237677549975176,-0.021961071279401154,-0.0030048748065034034,-3.673269376489041e-05,0.026696626131735977,-0.031142424729568755,-0.014087506379792517
2020-08-28,0.024270991723315705,0.013595919862546992,0.0150763581425624,-0.020239688887751784,-0.019734267072789503,0.01893987930062048,0.006985081462215666,-0.013724307762126159,-0.010870162707612449
2020-09-04,-0.026936880603920077,0.0011031863146828379,-0.027270539717202204,-0.01850923821100239,-0.004857250211134496,-0.014767419094986826,0.0011951339932407684,-0.008293080684050061,0.006817732642239539
2020-09-11,0.01152305619349936,0.005422366499640751,-0.015794116011958747,-0.017469343293439226,-0.004615021521171883,-0.009684997594252098,-0.0034781991067995392,0.014361174448536653,-0.013123026436887094
2020-09-18,0.0035326595964069174,0.025385625824910468,-0.013631663274558822,0.012943456138578838,0.003967475156845302,0.005539176258051212,0.020612372449918346,0.007616646928058204,-0.027454573284608055
2020-09-25,-0.03952213504563973,0.0008402219044409964,-0.024938394162565596,-0.0037379530015567153,-0.003774310739761859,-0.020534544765688313,-0.00994370525463839,0.019621441964566215,-0.015106554188300668
2020-10-02,0.033184787250288394,0.005778427603639523,0.0028685039480132943,-0.005703601598516659,-0.00591959645917467,0.006008879030231874,0.005073771669270859,-0.01218794414671569,-0.0033683666324721626
2020-10-09,0.043553662886622435,-0.005933725841970719,0.008599072437163804,0.015443800243064004,-0.0019261594744591163,0.003055362136192452,-0.016414143712777406,0.009977080576842653,0.009379610237348639
2020-10-16,-0.012736901975149317,0.006275385599383272,-0.012368206451151212,0.006051290083104148,-0.0027676004438035124,0.0010053376416035258,-0.0020248305328225066,0.00612475310742076,-0.0028827414232054753
2020-10-23,0.014274187033702423,0.009499984371397693,0.028501715643872452,-0.007309221869715336,0.0013029680264251206,0.0038025679828399377,0.023871476330271854,-0.02203850218587855,-0.001272678577556391
2020-10-30,-0.02413585755472969,-0.0004290754179619126,-0.020607291347833706,-0.019610632708444615,-0.010426173527521492,-0.008198115635155493,-0.005120727907848814,0.012116280026355657,0.021404886074715707
2020-11-06,0.053352349448716696,-0.007157400461376265,0.022805350375167007,0.0032749656430709206,0.0028170647060032153,0.010784993820181731,-0.007510705679408522,-0.002213665622996283,0.017412349745391152
2020-11-13,0.037216009874281974,-0.020780558270146042,0.01328813193279562,0.002255411054141024,-0.009637617981084062,-0.0011526688472781772,-0.016644717885406234,-0.00881491960267346,0.01776227098916463
2020-11-20,0.010935546699409215,0.0017666833039102735,-0.0070445921269110395,-0.004645847450699639,-0.012866364579371632,0.011865454235826953,0.0080350689133672,0.003960807044615176,0.014666442532166916
2020-11-27,0.008546540552703874,0.01183131451776619,0.024060222783316893,-0.004524970521196443,0.004715683356434096,0.027166485033062612,0.01734649433083387,-0.012930535672851354,-0.03081312307039095
2020-12-04,0.02233022758308323,-0.02139515786377737,0.011900280636730529,0.02381637196696612,0.007868494999427454,0.024435554852463452,-0.012497265439940286,-0.02836016575855956,0.01663588093761866
2020-12-11,0.01925548483418904,-0.002127190617611612,0.02452174593393663,-0.009749950858914953,-0.00691062763489776,-0.014717870771697391,0.005632316351119368,0.009148255756759593,-0.018502523758171453
2020-12-18,0.018255360422344546,0.00856128672775007,-0.025390252239305255,0.0036651008644817858,-0.006066514768121419,0.006443380712660212,-0.007666130509919904,0.010872782965065728,-0.019620974800660926
2020-12-25,-0.0008211739245804761,0.00639460690493019,-0.01761164926611692,-0.010777273741655234,-0.013628643392650235,-0.009067745946839015,-0.005141930430400345,0.004275519210622689,-0.0075651606698068224
2021-01-01,0.019582886339254868,0.0026160379494457944,0.001370904390198064,-0.0105424453888457,-0.00027866375515107206,0.013824588121902792,0.0042485074423329605,-0.010146699357664858,-0.005556693771909756
2021-01-08,0.02345115383243579,0.007367509579584312,0.019568305313833335,-0.0015748423272581927,0.0157390684016658,-0.007967246750348711,0.01790148680520552,-0.0081053920952028,-0.014355559441709076
2021-01-15,0.006025558578298895,-0.012239231355807118,0.018695959527854928,0.016812000823126137,0.0024096506848189773,-0.00662164591132861,0.0014248619988960372,-0.003560051904591042,0.004443066548830796
2021-01-22,-0.0042816328350487876,0.0064782632578252505,-0.029472889259942726,-0.016206394350258,-0.0019270764799841425,-0.013022564174472812,0.01178078123072587,0.023236698801501386,-0.0038726338629029014
2021-01-29,-0.0513015510273751,0.006789383048142465,-0.01700121169386475,-0.0023968930040108097,-0.004475071997269507,0.005801111002978549,0.005909736664082142,0.011020954126399456,-0.0037288173784404757
2021-02-05,0.09458659788867219,-0.020942963434431583,0.03860925403459549,0.012262819008594744,-0.015855937398662534,0.031299076332048856,-0.014468822456044167,-0.0033279906471945647,0.012387480558518571
2021-02-12,0.016017542234115556,0.017099073186126044,-0.009366112909603376,-0.026000850139085485,0.0016423414726101787,-0.00644329894271535,0.0027611752661487257,-0.019625344360792364,0.0006581464962737427
2021-02-19,-0.011972974684004933,0.0022142775269087846,0.023620387131887202,-0.007712981912465883,-0.013987992694150825,0.014616253281646596,0.01774448866084551,-0.01765804911254143,0.010268556747049953
2021-02-26,-0.030210062868156307,0.020422377790494287,0.003410283025702672,0.007440458819077151,-0.025061220562981233,0.029768102392767514,0.023217873463477975,-0.009646854413450553,-0.030676031885225753
2021-03-05,0.028146808846708282,-0.0034227913593814115,-0.014116194747473894,-0.009816040144872317,0.014248157293028245,-0.013071511437025188,-0.0008049665714686266,-0.018157555015149603,0.01341693021294351
2021-03-12,0.006215689302220717,0.007343609451506142,-0.0007259556993095429,0.0016255996514851097,-0.0010478062781193022,-0.00943777724430355,0.0068775882144841895,0.00554236960911796,-0.007741632845896989
2021-03-19,-0.01909062245459292,-0.003428459322929237,-0.020018400677462574,0.0052513245840597085,-0.004421116133261013,-0.004605134805068741,-0.013155865675385368,0.00985440431011916,-0.005858061566242625
2021-03-26,-0.016054001309854904,-0.0009504765275694296,-0.02019797812749624,-0.011142649932478817,0.0010552790434619902,0.012782006196903227,-0.007769378489366558,-0.010112977599833955,0.026695412261404122
2021-04-02,0.0248185265028551,0.00560432593492155,0.012587088065118962,0.0003270737358404274,0.00043900597185710794,0.012707892478398049,-0.006865004259653459,-0.013962706561440698,-0.003625617611033898
2021-04-09,-0.0021859982346488227,0.00019986810882503814,-0.024486552952552292,0.029212280173922946,0.00352218807122605,0.03067760029757139,-0.010663721752589127,0.00924864785190679,-0.007227982069895219
2021-04-16,-0.01462771822525688,-0.006624063456391677,-0.016018819209986383,0.00469231725266453,0.005411680032946016,0.003466057252300026,-0.017526333068254595,0.002703882260445614,0.011527550206194767
2021-04-23,-0.018915230857394327,0.002113904967312376,-0.0032393547847044298,0.016924725009628862,-0.003292055235721382,0.0022784607621652887,0.01698002549583141,0.009084067244563392,-0.011729834784633401
2021-04-30,0.020203816787967455,0.012923581093099098,0.024483754731840515,-0.006320270362200207,0.011067058827462534,0.01637837327779451,0.004431792893540367,-0.014426024625669776,-0.014571725800140302
2021-05-07,0.013126202840348489,-0.015821839093167485,0.003112847431739514,0.003470955782429789,-0.006592296845159083,0.027497176710789537,-0.011367060051388706,-0.0026318648959782857,0.0001798970359804357
2021-05-14,-0.00980564738987122,-0.00579210466955897,-0.008424791806763872,-0.005728776586357815,0.0032805015456645993,-0.018651427672459815,0.0022934725745186323,0.0019599463894247418,0.011636087486366542
2021-05-21,0.033894725818587546,0.001776744878537663,0.002948477292752029,-0.012567381202806687,-0.02141187831722883,0.008532818907260816,0.004213541040507914,-0.002310884683475581,-0.0011021706020648211
2021-05-28,0.017156207079156438,0.010751275328905142,0.0009439440824637393,-0.010677615550953073,-0.0018690432303144384,-0.009383443995423553,0.0031863847459578133,0.004287790480895488,-0.02214391811887875
2021-06-04,0.015198556810893216,-0.0057412713973750175,0.00359521170107013,-0.009824173883050371,0.003208141249288334,0.012700387444703792,0.0017551408824505108,-0.02332522580685422,0.008901524246800522
2021-06-11,0.00823851625692007,0.00833988114690555,-0.02293868934227837,0.029447843856789016,0.004184534419512536,0.0022798228426953136,0.019750273839111057,-0.0001476648741036493,-0.005040233149111974
2021-06-18,-0.007342074380781383,0.010446819124744985,-0.008823825039308137,-0.017251693874200197,0.0015366758266565743,-0.03152668171353887,-0.0059896405679807675,0.016451739485108925,-0.0042581124122428905
2021-06-25,0.01128585438752161,-0.009028493490693748,-0.00858547267402312,0.011923953343845151,-0.01030687299532529,0.018134019513360335,-0.00908965444352919,0.004717631985254704,-0.0025278011167617024
2021-07-02,-0.00871036373503653,0.024917206211311136,-0.0050758456181831686,0.008205750454315978,-0.008258299436558841,-0.0017636743962860506,0.02237761449115911,0.011470125773560094,-0.02421721393897279
2021-07-09,-0.002060805117763409,0.0013375308966180098,-0.0059790710845627065,0.014464152722127255,0.0052655914899433776,0.007090787258937317,0.0012611159267671055,-0.005677917588536838,0.00315250518786578
2021-07-16,0.014888691305526391,0.008009430865454201,0.010306733047447171,0.0002760677213168236,-0.004445278471110117,-0.012883590867081898,0.008906765225978833,0.0015158876245932405,-0.01110195532082223
2021-07-23,-0.004229661019963582,0.007033492237899865,-0.022792407448935115,0.00011963146764333923,-0.0054004777380400265,-0.01137510340874445,0.0015143820299912268,0.01827169728068912,0.006614246793658884
2021-07-30,-0.005865269165117426,0.01170064773226253,0.009683041334696559,0.003895956432395479,0.002072056796990078,0.003698182771306239,0.005646924824964455,-0.0029039695408763187,-0.010970932874061728
2021-08-06,0.030143303263794996,-0.01270094409075551,-0.011006141349907383,0.004020701957586468,-0.003107719590140324,0.0013708161876373158,-0.015825520257678048,0.006953116774428532,0.010535085259730135
2021-08-13,0.017914510879504686,-0.011289307878560771,-0.01192959385148388,-0.008019524756083314,0.007649981113206583,-0.019455935671164503,-0.02359613031575776,0.00612872298015807,0.00796501640313193
2021-08-20,-0.0047552263119292615,-0.00820272943244598,-0.04584247200125015,-0.004450181992422385,-0.0011835704046926424,-0.030003186470193663,-0.02208220627798421,0.034099583436190226,0.023573169284201955
2021-08-27,0.015482764581623565,-0.011068065087355444,-0.0009794797710860545,0.011117149120846284,-0.0030940358501629385,-0.0004611862645705171,0.0019301670456849628,0.018363077815575515,0.007643857280665918
2021-09-03,0.03701843854282827,0.0011814010420247364,-0.009913082130813974,0.000737709618707505,0.0011904965855818461,-0.011231138350194826,-0.003368078879509101,-0.009199745601193049,-0.0023183101962063885
2021-09-10,0.002635156183146581,0.009146422668275273,-0.006117823396586031,0.008312987183578252,-0.008116712310077212,0.003201186027928085,0.022453244658592886,0.016091101689152162,-0.0032949079154242543
2021-09-17,0.012430035299451525,0.006659444912379863,0.01524781508813952,-0.005880932834083393,0.004031269261822106,-0.026935654476788622,0.004273465994016023,-0.009830345739960153,-0.015896984542065267
2021-09-24,0.01524290791780225,0.008289255819488174,0.002575162776628551,0.0016151699778030916,-0.018510602318311878,0.004624529010989644,0.006511844169915901,0.0024120066546176044,-0.013565539619400241
2021-10-01,-0.017988285100337675,-0.0022689931621389966,0.038436625215886366,-0.00301765111677095,0.015546493818969852,0.009843273098387563,0.016830821489001845,-0.03065703317800743,0.0055030427523285385
2021-10-08,0.02071340324249893,0.027330097296456475,-0.0030062801597204834,-0.013444200908172357,-0.009181211894184974,-0.01602149315080146,0.014553804608737012,0.013014412951695774,-0.03612276173619762
2021-10-15,0.02477488834186725,-0.015930123523089607,0.0035605655184680236,0.00585259911501497,0.0009108796270921767,0.005018271481616619,-5.3796715137322676e-05,-0.018816483829637725,0.004490818194694848
2021-10-22,-0.012195641481859476,-0.016799524125459125,0.0140614777414163,-0.0044504961483429265,-0.005984234806555674,0.018402617576684537,-0.012877547118825005,0.0010029119122854022,0.009790742693625669
2021-10-29,-0.02446880691816533,0.0008074682003277843,-0.006487191610698086,-0.018877461146691824,-0.0018707182525009875,-0.0009511462198194924,0.004031042011127348,-0.00868291463580927,0.018729337259800853
2021-11-05,0.013872523799761005,0.004440704022030013,-0.0006402486469273411,-0.0072778898320643125,-0.00404232556563346,0.003153381503720888,0.011273477880325546,-0.011534574283830978,-0.005021978438896003
2021-11-12,0.01037848335873659,-0.006099738158573835,-0.012642822259926073,-0.011613364041734296,-0.021567207252876763,-0.008805551171873725,-0.0021073508660858654,0.006152717929682668,0.003486606722612315
2021-11-19,-0.01866839119746999,0.0018680192682094879,-0.02388887690297212,-0.0009343509183385168,-0.00591642394856156,-0.011669275960755498,-0.013072870564552242,0.012262953921313432,0.004214044480114063
2021-11-26,-0.041562614272561915,0.002409723225404739,-0.005723534000732833,0.01835937661465217,0.007819380200646535,0.009193194520113687,-0.002702774576696418,0.0006616322511323602,0.014058774004221581
2021-12-03,0.009999148842643857,0.008594488510315738,-0.0032293634857570794,-0.006388144076853496,-0.013624282217498559,-0.0004042712903047866,0.009110242273918247,0.009761963710457403,-0.003671710182635509
2021-12-10,0.018294299301169437,-0.003169287217566083,0.0010474189757466792,-0.0006178298188035496,-0.010577225049983454,0.010874915855445727,0.008069570593296719,-0.006835220735515908,0.0007861720717903947
2021-12-17,-0.03004354554079247,0.0009922300721742217,-0.014337881264295468,-0.005301912076355879,0.004974916893732341,-0.01261636637632927,-0.013360949617136155,0.01655175873154008,0.003851358867400647
2021-12-24,0.001092173309896971,-0.0009629395086400113,-0.019564281145840124,-0.0006138946041484203,0.004837507128361325,-0.008050117929678559,-0.005651609015435623,0.007730264900789826,0.001631785839958399
2021-12-31,0.020601383885907598,0.006109681210745798,-0.01699086905786726,0.010673449406719618,-0.005333694199497457,0.004588474218735355,-0.0011001611674639061,0.009134743510735427,-0.005133020241896779
2022-01-07,0.02642889797208281,-0.005149379948655164,0.023804062116588476,-0.0036885331808275065,-0.0022849318845199057,0.006285752872360656,-0.0033909512119870318,-0.015146451439339287,0.012968700129732686
2022-01-14,0.024872748133738076,-0.006478952528002575,0.007572434133031769,-0.006329548978892794,-0.018635035322376113,0.0190483431411725,-0.0008860431540131004,-0.018461874311349685,0.00269225456182318
2022-01-21,-0.03498073808936908,-0.015254114422507965,0.006603285280875698,-0.01596524566357594,-0.015157460442631412,-0.008017151302017793,-0.0033651575903299175,0.0029585554468274447,0.020417398053324563
2022-01-28,-0.029244296634327704,-0.0017823763370467677,0.03542474406886111,0.01089746778436601,0.012221677751577672,0.010591691649133803,-0.0012184599721869714,-0.003593365940606108,-0.00438037147437715
2022-02-04,0.0242283237542138,-0.008204036004579179,-0.008701077317187732,0.025445954383190753,-0.008709832611700698,0.02108803044560796,-0.001685342486658574,0.0024627859975830772,0.011516864849394855
2022-02-11,-0.008081088753712273,-0.012485516437256672,0.01664004535111038,0.007000533135551318,-0.0005918525292510288,0.010776522458657503,-0.01376675693641385,0.00019792080882805735,0.0013563136867240679
2022-02-18,-0.0056662236147282385,-0.017791038458492572,-0.025798898223873233,-0.004212854395513138,-0.00022256356719309658,-0.0021931413030110113,-0.02126302498503975,0.015443689511390862,0.016727220534932988
2022-02-25,-0.03576578102272965,0.002342383976002907,-0.02012901152961749,0.00022524688124193198,-0.012013585275125985,0.000681189638016548,-0.0004472426107083663,0.01241258062249697,0.0014171462613254693
2022-03-04,-0.024795344784872442,0.0018407510447866482,0.02419522693291624,0.012070430172639871,0.01032748007938579,0.00479586861724904,0.002149469673538856,0.005696687476657367,-0.02454408691994092
2022-03-11,0.02370522141011744,0.009243715644786772,0.006956527916723337,0.01099929597602502,0.0029946071461808867,0.004360526739940172,0.010818501641466034,-0.0029255787527256126,-0.017828901957322056
2022-03-18,0.03948188974713407,-0.006624565226425138,-0.010734722455382548,-0.016763493760446363,-0.003866414779184136,-0.006838908692856836,-0.01625166830944467,0.00047045530903811264,0.00518644169787285
2022-03-25,-0.007754404319526564,0.007922325800996312,0.0188186554833698,0.0167602421123921,-0.0011547736741350995,0.005580492975176658,0.018787774306805012,-0.01259082080035629,-0.021143983506428238
2022-04-01,0.030166689136011282,-0.007971063764719503,-0.0021262439451113085,0.0024578651103269664,-0.007878201537717643,0.003761744417845738,-0.0025713086042957953,-0.0044370535795723726,0.022887696973524774
2022-04-08,0.006445811830530168,-0.006143673456628793,-0.011056214155524081,0.005932370230898383,-0.0018030692293483398,0.012938483736287705,0.005728562985046717,-0.00039816401622681796,0.01626557527581174
2022-04-15,-0.017357914432095334,-0.005100199968198457,-0.002430985163290624,-0.002239432996476576,0.0016622576120872545,0.005610215191624234,-0.004009188279070245,-0.009757061100751276,0.020356331006222462
2022-04-22,-0.017378533278390784,-0.005048429620188163,-0.014275134490535055,-0.0009126135491228701,-0.008376814616104084,-0.0009386765668599802,-0.012724714717104506,0.003317890353596739,0.018138068649240006
2022-04-29,-0.004041383806575927,-0.0001614841408994084,-0.012147838221207673,-0.005728941833858876,-0.0006615513074462506,-0.0022934774513285877,-0.0030617892472492407,-0.00506558823593258,0.009346356218510155
2022-05-06,-0.04042091674464676,-0.012561062025467744,0.014186743848054288,-0.0011871848328661172,0.008831675128772934,-0.004734351301346952,-0.008518977591926963,0.010342020070446566,0.008802117633146173
2022-05-13,-0.03833343647650245,-0.007570503988953287,-0.026607806370305548,0.009531104941827663,0.0027388012278819138,-0.011904042194113715,-0.015430503210431941,0.0240499435695471,0.007955737882629363
2022-05-20,0.03066755720991665,-0.010354281736450331,0.005825664257696324,0.014193474914416863,-0.00299314528097816,0.019165690914715393,0.004440630334292251,-0.013120269587462322,0.003461073291532033
2022-05-27,0.005305484248887771,-0.005592257541128921,-0.020599075679443784,0.0024874415685880915,0.004694479580365191,-0.011469482513886173,-0.0015336759321866993,0.010446016778799092,-0.009156639032231432
2022-06-03,0.014178339219401037,0.01194749551495796,0.004365077405067207,-0.008300725718012566,-0.006113722213750156,-0.014975099199746789,0.01337098471944356,-0.004245445757733604,-0.02067009581790345
2022-06-10,-0.02306403999829465,-0.008840544614917194,0.005338849221812263,0.014272002177907755,-0.0007025407614239289,0.0213342456421785,-0.0030583202770051027,-0.007014962165526049,0.017012139544127967
2022-06-17,-0.05606166078071839,-0.0036724730749770618,-0.027388211690095317,-9.78787163043865e-06,0.00036950864372289893,-0.00704935645632767,-0.006072465385527269,0.015703156696914952,0.015656984284794895
2022-06-24,0.026530879131657192,-0.0065138017592960805,-0.021262690544490877,-0.004747251855622241,-0.00396520596133931,-0.004343409480052213,-0.00502185789792867,0.004841711043363055,0.0032281890805515613
2022-07-01,0.003363205547239456,-0.0021590423801428043,-0.0027314780388922565,-0.009786854906692222,0.007262752579319568,0.002200495299343977,0.006733086777403229,0.0012883392566930552,0.004705195891284649
2022-07-08,0.02974532270384711,0.0017606550655938288,-0.013097552394377692,-0.016102555322275742,0.0035730178379829933,-0.010282418104117178,-0.00040654399063509705,0.00856209037267143,-0.0008742441320193986
2022-07-15,-0.010566774237090293,-0.002265977473917501,-0.00977377289183385,-0.007708954997727759,-0.0003420884509169927,0.003301775515799104,0.005997217587288583,-0.01404780007128211,0.01384587742621153
2022-07-22,0.04176214485960861,0.0023042911229268423,0.013348289975401377,-0.00034825807944871556,-0.004456873833104662,0.019656748654540264,-0.0032449971215138054,0.0021092450924186795,0.0030023122575294978
2022-07-29,0.026244930410620704,0.0025957258530978668,-0.002926142697067348,0.015366597655479968,0.007062826317478468,0.013236514495806208,-0.013721394752192204,0.009092864788381609,0.0053420325379649435
2022-08-05,0.013943729692713402,0.007484519468821133,-0.006675158358165999,0.010128715121897974,-0.019384230298154274,0.007527149930853714,0.017951299489622437,0.005283428178015675,0.005767437986928395
2022-08-12,0.017281241018824556,-0.0050799587296617935,0.009284737413488718,0.005541697434565965,-0.0027689368624204784,0.0008813004045196415,0.0027948298696617354,0.0015553569397595314,0.0005203131906099858
2022-08-19,0.0034070694843311156,0.00039785465401328234,-0.005856527386477942,-0.01976161664091566,-0.002676729725504477,-0.012406802013560102,-0.008803352022581805,-0.008748975204981845,0.017633395262637745
2022-08-26,-0.011236838626331735,-0.0018655208622621344,0.016737750626812337,0.0026865488436679874,-0.0006205455947599379,0.01792187861486428,0.013469443385629333,-0.0007342746990215442,0.011592841563904967
2022-09-02,-0.0011077670834892528,-0.004813541598741734,-0.018748035984919066,0.0016244311982840424,-0.012933991066475563,0.0002809306010856834,0.0027388062181486397,0.004062940673494764,0.023876422010671
2022-09-09,0.016756534766828146,0.004116403332663658,0.012929193287813799,0.005693986755431231,0.0065283137382997625,-0.0019394650537964304,0.0018186536224608224,-0.010669995666624693,-0.0048813284901877835
2022-09-16,-0.01696260134108374,-0.007731111683238147,0.016768906257154798,0.0037974096724982948,0.0013282802183371412,-0.00017416199499422844,-0.007211062345196088,-0.011566060967843557,0.02148506242150041
2022-09-23,-0.011608108251135452,-0.004236428211164996,-0.03432477765582974,0.008911122427176508,-0.0015497925036109077,-0.0007575673046891565,-0.012442847469002651,0.014073258286208227,0.0022898722592317802
2022-09-30,-0.013446949778974537,0.0058964556212435446,-0.00752680778909673,0.007290373112980146,0.008410316190557616,-0.0019613915739341552,0.005671655649901386,-0.0003571112664323122,-0.0026857908604827705
2022-10-07,0.012887345016576734,-0.0045951161632718715,0.013973955263024975,0.012690292455387287,-0.008764565314079133,0.019957725736179852,0.002995698490507022,-0.00040968345217460775,-0.008565374865667498
2022-10-14,-0.0074475180824222775,0.001732899099565751,-0.0007509850749931116,0.004805708790693097,0.0015626508466317877,0.003380398584089877,-0.010165612051638292,0.010642317440584088,-0.0065905453620774546
2022-10-21,0.02272829039588009,-0.013269480005482785,0.01606535429154756,0.0021987838031872382,0.0060503551871446985,0.002364093030408294,-0.01645858497358654,0.0008227988147558075,0.005984035479952682
2022-10-28,0.011976353990514221,-0.01996980796213346,0.012692473320012046,0.0006042769716377572,0.007305680262141008,0.011599481173572533,-0.01390514384520661,-0.012955882997867544,0.01024587183164397
2022-11-04,0.018572739046093023,-0.008306452797272072,-0.010169764366705938,0.014444017503925745,-0.0025888536946703927,0.017093736842844848,-0.003978136487483606,-0.0005055310858181235,0.0239025505021725
2022-11-11,0.012835839141973171,-0.008111591387900447,0.013532351020326665,0.0008013665244244153,-0.006377498452803764,0.0010699381115983177,-0.00526914010627025,0.0015053229875635946,-0.008252284458047408
2022-11-18,-0.002291526832332691,-0.0053825513084834915,0.01228522877068704,-0.008906579477534114,0.0006160823430805609,-0.0032580532348203406,-0.009788733563746658,-0.008993353337795704,0.008426546452064669
2022-11-25,0.011202945489937166,0.003569180904391185,0.022395776764171697,-0.006195554993728366,0.005415140122451048,-0.008998510490256587,0.004632019392008215,-0.000560921402623607,-0.01540588828343338
2022-12-02,0.009903963991033216,0.012096643916199721,0.0053756659658849015,-0.010327616455626503,-6.45814943521332e-05,-0.005080662250075061,0.01653862292593398,-0.003623316093337218,-0.01576379701043031
2022-12-09,-0.010670674855624007,-0.01040460264925187,0.004951295729054129,-0.0017156869343156623,-0.005682627983535617,0.0041944188109407,-0.0010562253103735316,-0.006150202653066061,0.02049741309125406
2022-12-16,-0.012304943296693405,0.0013902496369767332,0.021671322567231564,-0.002934816185427949,0.008216421616024212,0.0023645821923499576,0.002955939513610433,-0.010756284603317384,-0.005282573906005375
2022-12-23,-0.025299645232360835,-0.015369962034930504,-0.027592197239115206,0.014043070791341691,0.007638564101663144,0.005126046233052489,-0.022619912652682067,0.011390838029576668,0.014042555733189119
2022-12-30,0.016763258244249624,0.0042861535848061,0.03889287709846699,-0.009787675390649776,-0.011849633948385833,0.013285306093114475,0.01530349862781713,-0.007148453443605915,-0.006748049356458757
2023-01-06,-0.013578982501887271,0.0025354998778549078,0.009765633179790262,-0.013753016293421624,0.0049499213614342535,0.0004457659372193855,0.003982019843938474,-0.00083875721408877,-0.012886462993477576
2023-01-13,0.005439719301254087,-0.004176708008650095,0.0014279369900158344,0.009071666049593285,-0.004468250852352204,0.007856241519007268,-0.0036500445640322205,0.0002749842010572644,-0.0002892767969283616
2023-01-20,0.003956806009802971,-0.005846783958840624,-0.0008397724670948445,0.002752889012793189,0.00482190108250935,-0.001588295401614881,-0.014350171259707905,0.005225685710721428,-0.007066206902036359
2023-01-27,-0.02348064068682687,0.006719871190666714,-0.02205018431001005,0.00911435878590319,0.0027164621602689468,-0.0046203264649843714,0.0008064809451205635,0.03153202761948892,-0.021718065749423195
2023-02-03,0.014184061178950103,0.005015080272558033,0.015376381951136255,0.0160036487750624,0.008882536985975078,-0.030405541359594605,0.015550085670977903,0.02469476430537517,-0.018132533658142522
2023-02-10,0.00013718000357498816,0.008282247750914191,0.0074866300269206595,0.010794506130520905,-0.00532664887949336,0.005042489712192934,0.014079535838897077,-0.0008001984688975599,0.00024591052990931284
2023-02-17,0.004911333057990186,-0.0022885282972562064,0.0015963150794115356,0.007094871501712648,0.009940482903795844,-0.0037211350638580477,-0.002978009149120845,0.002931166802431127,0.010617407015359227
2023-02-24,-0.026660339180815562,0.005816798910167842,-0.00917603871902084,0.007923928821413326,0.002679452859096605,-0.005108579177870606,0.006552670812342721,0.012839597706371109,-0.007914402714190496
2023-03-03,0.007360030595505274,-0.0118215563669821,0.012038808347610473,-0.005731440596329438,-0.023671226524853897,0.023150958674821726,-0.00421877945440554,-0.022706888503870697,0.028301321928463664
2023-03-10,-0.010312925614102575,-0.008565294464554762,-0.0031973821226178476,-0.0025122395322106027,0.0006475031927379654,0.00827037922819273,0.0040579742483850606,-0.004248828182102539,0.014723169490489997
2023-03-17,-0.017966542181762968,-0.012003028595336791,-0.011909502020809617,0.0029505823639936193,-0.00122931867504927,0.0035910049199226676,-0.004430193561224784,0.00010888558951141838,0.0051973920110627205
2023-03-24,-0.00906430056745533,-0.005124548827924114,-0.01622216541721734,-0.012919733799103857,0.0008620678415921061,-0.003273139434239238,-0.0040675772790653136,0.0015516915859747349,0.012775884976803997
2023-03-31,0.02447317651056391,-0.0006086757690354563,0.008325467626791335,0.008150823880385783,0.006418208157055532,0.01141362990889886,-0.002270584752861987,0.0016560234976329344,0.000660269156877771
2023-04-07,0.013790543678624312,0.005539192219640013,0.0011433367939773943,0.002732978242535461,-0.010480070689267219,-0.0025316810475814137,0.009231830991518026,0.007419140815396626,-0.0034436740986685064
2023-04-14,0.013003446433238475,0.001784325431452606,0.00032242775402338206,0.002905477621815457,-0.012889459493403315,0.011624801217023409,-0.00454610084289145,-0.0031804490451267844,0.00042928442399721087
2023-04-21,-0.011439826046107271,-0.000959481241097753,-0.0015404303231057212,0.011855876680386974,-0.0031064376867793436,0.01139526352080356,0.007988172171112803,0.0018807323257156606,0.003754106337797029
2023-04-28,0.025019742862924632,-0.006636884501541027,0.00945942885402725,0.004853852989059496,-0.01220127192503593,0.024918807941519662,-6.420713339229389e-05,0.011884298157875305,0.004732525813935944
2023-05-05,0.00022142264046509652,-0.00495839816936943,-0.01814572831357402,-0.004217468043010687,-0.004623750820947555,-0.008291419507144768,0.004595155139843544,0.011208483901143634,0.009260855974900308
2023-05-12,0.013603452390835047,0.010291784760295838,-0.013779367437024861,-0.004166629387109663,-0.012266214154379593,-0.006470916095881777,0.008370142779362608,0.011858607788097233,-0.0032705839652920413
2023-05-19,-0.00608253357246713,0.007056003230026387,0.005768054532165246,-0.005012551685905198,-0.00299081655169303,-0.01007773879297458,0.014883878862374621,-0.001522826505078699,-0.012532123921997956
2023-05-26,0.016257908544516697,0.0006678329719402368,-0.010300887869081211,0.0031651102124617032,-0.0045156433650129155,-0.003455123271179656,-0.0008769729626239252,-0.00011307649731720493,-0.011497856434615938
2023-06-02,0.0018784444174400061,-0.00017259798790233288,-0.005185265245614147,0.005153726762447984,-0.01228184803647129,0.0033919499923205036,0.009551931856733894,0.012309510446120404,0.00019309752237345323
2023-06-09,0.0015809120414556066,-0.007088017099875666,0.0048348092708905685,-0.00013055493594981674,0.011342148160349686,0.010893831913636617,0.007588612367160713,-0.01700025869493015,0.03199359535598352
2023-06-16,0.014146094134112497,0.004662793635345712,-0.015306317899351163,-0.0049770025050158775,0.004086208739972296,0.008160126545819275,0.012980694549359191,-0.0015549940966935044,-0.0029805362864350413
2023-06-23,-0.00852544353553597,-0.0005412759784045457,-0.0008168959057037913,-0.0005799319235878751,0.0017646505682349534,-0.005224948014470944,-0.0013603588826856736,0.0015992052220285841,-0.008409363092797906
2023-06-30,0.02804911635102192,-0.005221890374618683,0.00021147040266302278,0.0031589114634013975,-0.007764256128030288,0.013143609317841903,-0.0017423542802758596,0.0020354710187392502,-0.0014099139356254474
2023-07-07,0.007439138164118342,-0.006297560701264158,0.02900085433792147,-0.007591679278575378,0.01509665086080001,0.0061269213801934345,3.27368093518219e-05,-0.0038938265131521488,-0.0031422197331779254
2023-07-14,0.012037120668846102,0.004166364749369926,-0.0024917106388112984,0.006651227862587038,-0.01422821867133497,0.005531658597894985,0.005778184960937273,0.015195897190668873,-0.012577950494026553
2023-07-21,0.009225893838329613,0.0020309891814112944,0.014374970560655528,0.0032893133745513182,-0.012275401258093495,0.004046330672465831,0.008915080779586264,-0.00024076250758454844,-0.0023584590032491234
2023-07-28,-0.005011355722967847,-0.002796291569249463,0.009503773102033866,0.020296884415141228,0.009490129672439231,0.010700544589471311,0.020858965044136115,-0.014061643489079055,0.010590172782091015
2023-08-04,-0.0065687899663359195,0.024325347522575494,-0.011110485304611341,0.023010235680306836,0.00234611894462988,-0.004030280635439696,0.018926177174755258,0.012652034331089176,-0.021989102318919908
2023-08-11,-0.004544715824665646,-0.008344433498119893,0.0007519108691145847,-2.5455339457408546e-05,0.0010662203329940547,-0.003854705240975642,-0.00042085230130822565,0.008351223713253966,-0.010761183738838795
2023-08-18,-0.00608135482126293,0.0006154213022662291,0.0016556162460053918,-0.0025792393830485847,-0.0016616863680995152,-0.010098893735018388,0.004077504189155616,-0.0014493607693109537,0.00524428011339283
2023-08-25,-0.0022966993253730195,0.010444777312919548,0.001057579279908176,-0.007749205091706527,-0.007880506108387014,-0.0022089261679677646,0.014417028587902269,0.002598043609562912,-0.007110101057163979
2023-09-01,0.008797973254502045,0.009462637300742514,0.008916528578517158,-0.009795064126579173,-0.0046832607193432185,0.008454467659337425,0.00851471792456395,-0.010096141654519393,-0.015114655128495923
2023-09-08,0.019791226378708116,0.0009684887630277833,-0.0025390631622498536,0.005178138036566419,0.014024802521204163,-0.008026776198557926,0.018075640726789296,0.001053218610421132,0.008142746306682522
2023-09-15,0.01878916976602052,-0.015134056888237688,0.0037939970066891834,0.005281165696713455,-0.003052805277692916,0.020094574743115056,-0.03524910018313537,-0.0068081365979038265,0.012076807575477674
2023-09-22,-0.025658213105346328,-0.006838599182548193,-0.0006999697296512213,0.0035352919306862324,-0.0011939317084379251,-0.005195850461177962,-0.0013237860160528782,0.009759620542669855,0.007513310733548452
2023-09-29,-0.0018272218127756146,0.0014888371777003863,0.014615896574760017,0.01414557779502697,0.00029155995857580667,0.014208149241080683,0.01327590083474702,-0.006608166909782778,0.0017603722843808863
2023-10-06,0.000773957936549774,0.0023918174537866906,-0.009087694078391273,-0.004472828149313265,-0.005538372560496905,-0.014796422869051024,-0.0020823249901510783,0.0015862996888206826,-0.0065577043386783745
2023-10-13,0.004963532258885239,-0.000756369475960179,-0.0019044950007846683,0.004868321604679303,0.005685675489316245,-0.003307744632245318,0.005784439293373429,0.0017152212558762207,0.007222139498438952
2023-10-20,-0.01055135713705102,-0.0021931663823916286,-0.00170812611187675,0.006902562103488814,0.00819197973721865,-0.007033490535164314,-0.004432268376144001,0.007431400189853729,0.00018055698130245955
2023-10-27,-0.025349703378138133,-0.008682124459765322,-0.008052748682834909,-0.0005136910658220875,-0.0021583516685657854,-0.00329855512228297,-0.007094787450960868,0.0035075476102431925,0.001658174579020042
2023-11-03,0.009626040996731922,-0.0015642378881756125,0.007015172769085622,0.011080740362090665,-0.004336589118734349,-0.00046977653894819324,0.005362719965321894,-0.00022580599332199663,-0.010869310489212998
2023-11-10,0.010127089324092564,0.0004204238244119897,-0.0021524392950382845,0.01859837652874201,0.002923811343987226,0.01259155495739042,0.0041164282706182345,-0.004196663363883527,0.013666846101223495
2023-11-17,0.015775838172153334,-0.003222989509236971,-0.003263197660303519,0.00402382750733073,-0.009427113720269702,0.0035349413249147407,-0.0033612456835031106,0.011606995923227427,-0.02034938211913502
2023-11-24,0.003187668383504594,0.0003862925912920378,-0.00878931777552069,-0.002056941565688343,-0.0018084569172003378,0.0026251899077936727,0.0012653631791819005,0.0016140457529875427,-0.0026538145540759184
2023-12-01,0.023905448961142772,-0.011424409955631046,0.008214068967382231,-0.004577216824824693,0.007843009626287045,0.005838551867733403,0.0016738873058453688,-0.006246259692230305,0.004235280208300236
2023-12-08,0.03461137989036511,-0.012880554522169359,0.01334180802603755,-0.010173285041490128,-0.0057522790826693634,0.006468309773315181,-0.007380278748369357,-0.01702638491513423,0.024029968581735717
2023-12-15,0.023236239039903017,0.0011335004531464708,0.01936877654272565,0.002412862391539563,-0.009308891006096547,0.007203692282431128,0.004224294774383207,0.001593346238056001,-0.021647576885239824
2023-12-22,-0.0049984502728748215,0.0102121997575117,-0.02491600261167604,0.015992471736636336,-0.004943321778955522,0.010089669941600016,0.012668926669171212,0.013918061242607641,-0.010121742260914248
2023-12-29,0.017892774176821558,0.00047850394742245117,0.005136367206037801,-0.002318571384053617,0.004429952776122997,0.00846766683278773,-0.0033023954893072437,-0.006900846941759627,-0.0015861977720636744
2024-01-05,-0.0009479190942469629,0.0032430101910169533,0.01458109952099582,0.011335610991607428,-0.0010754461308593952,0.009763359900727894,0.013689475144290263,-0.013733141434608171,0.006758951493445188
2024-01-12,0.008463529367313427,-0.012290349985810172,0.0015822916856000797,-0.005863909585704069,0.0006900224621398344,-0.003481169076624429,-0.014263444958800303,-0.0024594669426342614,0.00012056610836066865
2024-01-19,-0.012430051355886373,-0.01440004092405114,-0.002068220085713166,0.007950078234614896,0.010944866817383816,0.01035809679603953,0.007498735865297689,0.011378532604026603,-0.004379977379677904
2024-01-26,-0.01247783670526148,-0.012473443059010644,-0.005087824666838653,0.013746061606893335,0.006068900428441236,0.012400646597928108,-0.008596994596042967,0.007279502825134836,0.020680289790225015
2024-02-02,0.023472606663543782,-0.008449940752352433,0.031638341822386014,-0.003343473409708128,0.012332243959357694,0.0018926759191332763,-0.013105436169827303,-0.019202811100894078,-0.002617021756823261
2024-02-09,-0.0032626261199916184,-0.020162262824557877,-0.005045632404225457,0.006808900065532508,-0.003920956545864008,0.013925224439923172,0.0005316555470204964,0.008473814424284243,0.00477644204132026
2024-02-16,0.011853516297486433,0.000863842995400663,-0.007699459899674263,-0.0003927755174950934,-0.012859265371745462,0.010301403403180812,-0.0030062995668359675,0.011046461257865497,0.0036214916106835906
2024-02-23,0.00780374516674498,-0.011661331210236447,-0.012775558069018443,0.009727871010327049,-0.005525633029163492,0.008913995270915975,-0.010659394679974569,0.002629549730059057,0.009174304458465305
2024-03-01,0.005674716971974192,-0.00869826762902664,-0.004488261883966046,-0.005242408557611573,-1.5173853917620477e-06,0.003598303134952628,-0.0037066132320179713,-0.007131752540815768,0.014249204172572473
2024-03-08,0.006929697554697523,-0.012492232926226117,0.017219092932111976,0.004756174703395067,-0.00589584912685884,0.002782112658177038,-0.002213150806979281,-0.008377071074674954,-0.01385303473425056
2024-03-15,-0.020903821564132397,-0.007964531166632746,-0.04413981585190653,-0.004397382590113082,-0.00518243190332246,-0.020186428038872103,-0.016654438970639052,0.02304031506458845,0.016030047517736526
2024-03-22,0.003332844091697762,-0.009747192486182048,0.006257962659692548,0.008558891812441773,-0.0017570047938215375,0.026918844799197816,0.006228982161007345,-0.00027143721036687087,0.013967649123675159
2024-03-29,0.01041557652709102,-0.0062097148218855005,-0.003757471376700518,0.002507586461667195,-0.008404331041347407,0.010237270110676386,0.002018162094841427,0.0011144443443908674,0.011514900465729462
2024-04-05,0.008366536548146897,0.02863591994762176,0.029305230310000156,-0.0013551444812401545,-0.009141135433623854,0.004946965269699705,0.04750226621652267,-0.009856900355721357,-0.02385091920785093
2024-04-12,0.00025323123577369877,0.009435836890070378,0.005695549655629926,-0.013158588132880459,-0.00045870417652685985,0.0034730628088039416,3.454957663797894e-05,-0.019199167636707544,-0.014121303319324529
2024-04-19,-0.016536869728557835,-0.008519665159814272,0.011413134231905648,-0.0009914627163546685,0.007272776998487565,-0.0033354793362186178,-0.00644967077144025,-0.010545982272656244,0.0035981801825639634
2024-04-26,0.012324433049623051,0.012937084774942712,0.0170435764828725,-0.001368892999005951,-0.006594767895638551,0.0010578493281162005,0.021274424602906784,-0.0019061592773275404,-0.01570908238501759
2024-05-03,0.0024933326155016644,-0.012092973569741636,0.0022762823581607486,0.0006761692121581956,-0.006094443219966871,-0.0018870341939738735,0.018453332176800778,0.010093457784343831,0.015846187020154983
2024-05-10,-0.018715661384811066,-0.007036016257353318,-0.03999496905745852,-0.0027641115032781896,0.000734021421726478,-0.0006296839352535992,-0.016121593292119655,0.01920359044844539,0.011242992464592361
2024-05-17,0.018630545412424926,0.004070852116647115,-0.0005932953135234786,-0.0009590798039573259,-0.007749436670919457,0.019836648641408657,0.01337399695822358,0.003254236432869158,-0.0005738030067967553
2024-05-24,0.021855151029202657,-0.013226217470007979,0.004150338559904121,0.0050412045102080395,0.0013867288739780308,0.004044849809575432,-0.017535745604843278,-0.0072404302873098625,0.007381126828562793
2024-05-31,-0.018573791893592317,-0.003534106928643796,0.001215126592763023,0.0005079571853915631,-0.010312009083112313,0.0108774893825404,0.0008491971197082913,-0.010762220618012835,0.004194333007789951
2024-06-07,0.03370739471960049,0.01059727198530118,-0.02035844480169949,-0.003388032565236801,0.0022966381048447407,-0.025265112708362653,0.009740105356964901,0.011285009898013662,-0.020682102957163537
2024-06-14,0.007533193895588708,0.013809544133006012,0.005500071256753523,-0.01641273949741306,0.005170198165942101,0.000679163853926433,0.03249106835210999,-0.004634980616564678,0.0014473937948090085
2024-06-21,0.0015128528821319875,0.016674716822153983,0.015669826989029724,-0.005895110634908612,-0.0036028758621069303,-0.0028778741963214616,0.005002749756171246,-0.003642617647077569,-0.018883408250486726
2024-06-28,0.02167983662333617,-0.002439478683256689,0.0017823059173162192,-0.007369715954430337,0.010821785759448532,-0.008224212531527716,0.0020950346443265565,0.003401760139438296,0.005160713669306181
2024-07-05,0.013046321420381757,0.00022255166350469355,-0.007428244639964061,0.008342825805479449,0.002822086765148356,0.006683307208807079,0.002125366011928854,0.016104619236795938,-0.011917533917995627
2024-07-12,0.007330286287466459,-0.0015478485356664245,-0.0032401256233127763,0.010823711750254388,0.016885361553437096,-0.016823002558026517,-0.0006649784568551146,0.002983715519975215,-0.004993590811589091
2024-07-19,0.0011733664001589705,-0.008140215925449461,-0.0059527128825863675,0.005871825989979724,0.0013111998525037333,-0.006434855032392956,-0.018552049507385572,0.006781024791110715,0.00502620372020229
2024-07-26,0.012390463208034497,0.002410516143745524,-0.0026541745483785358,-0.0007419439389173207,0.011869362160786701,0.005523821683650995,0.004327664827800535,-0.017158079306093497,0.001693498534646537
2024-08-02,-0.004717177372428161,0.006995519618552647,-0.004290192268255166,0.010989205080998222,0.0027810491370866717,0.0026728244055144674,0.00791292325191251,-0.01172593505690343,0.005229363929191948
2024-08-09,-0.014167953726225035,-0.005960856136062523,-0.020254968512982023,0.013432252275506583,-0.008022639378967003,-0.0037623810082999185,0.005291167307278409,0.01814057265153498,0.011368110056955975
2024-08-16,0.007126311300913013,-0.0016245577403775655,-0.007898600262568502,-0.0031726677567189727,-0.00530855851950582,0.0010966344215189794,0.0005653601042385705,0.00710204502587769,-0.0022590153875027973
2024-08-23,0.011490903870086111,0.0019399972218926802,-0.002233934812432059,-0.011636629405813264,-0.0028219709737598055,0.0005575285357501264,0.004033897836282184,-0.007069350930572701,-0.004056879794126833
2024-08-30,0.016627623549180237,0.0059513096114457275,0.005448629675274935,0.013778443483462775,-0.0039990838934355,-0.006986836254519594,0.0062214201380335135,0.008051618943182001,-0.01924913574409768
2024-09-06,-0.015206511123437516,0.008182148954094514,-0.02217444169759538,-0.008904584384589123,0.005294683159649642,-0.015072297458838611,0.0056458719787383154,0.006941007277577339,0.004412920836958432
2024-09-13,0.020294002790408605,0.0002826443333756243,-0.013295215765819766,0.012787672197606157,-0.0009007796693676108,0.001805528010130071,0.0014542138940459581,0.004556574045095732,0.0022103614153114754
2024-09-20,0.01713364300080844,-0.012783347292983133,-0.025549446958336455,-0.009884021529467232,-0.01476373728565259,0.0011901139919459625,-0.019887425004357036,0.002247139873328306,0.024656842721516546
2024-09-27,0.015044037220542705,-0.007874683786392937,0.0318156798074171,-0.012230617594391615,0.010171781323257818,0.008471534039653797,-0.007908694647967427,-0.018300360084846836,0.0004982063110852628
2024-10-04,-0.04447656014172885,0.01603853282855918,0.0056431656421227355,0.002761013658191737,0.006930073662404668,0.005806629602113894,0.013635121956883843,-0.005437031377398795,0.0016823562934231012
2024-10-11,-0.0020128089260372795,0.003961562547873431,-0.01465278430421292,0.0031820819373335318,-0.01464745226009532,0.015436940745809603,0.008021249294806049,0.009975419530111228,-0.02345186402441215
2024-10-18,-0.0044142811720760955,0.000623590781524859,-0.00268657291348956,0.00915692708465136,0.005898643271988496,-0.007934105027791488,0.0052579750380981815,-0.005585964922626767,-0.0038439734297560663
2024-10-25,-0.027088139713140946,-0.014035969222789262,-0.020333871333738728,0.011554775339358905,-0.004673725622130968,-0.01268824217448914,-0.019510330463843206,0.014431897063711514,0.008758039765264639
2024-11-01,0.00510937703191372,0.008846622625120166,0.029225394502680066,0.002796979282444264,0.00598168242011257,0.013503253085082568,0.0058331142462002585,-0.011337099148242057,-0.004817486442928405
2024-11-08,-0.006424791987223899,0.001454772971073731,-0.004030815794025495,0.002231153487122686,-0.00035189281452197366,0.0021482274729882145,-0.0024358707898965437,0.015817028867988303,-0.02192017567480191
2024-11-15,-0.025488443027341434,-0.004219301651459548,0.0021021785671479637,0.008232502196660371,-0.005417449964029625,-0.006726993245609401,-0.005962021768522424,0.01267289864269968,-0.007119500993543672
2024-11-22,0.015916184444815906,0.0017073475877727954,0.003050917814805357,0.02413566270854768,0.0009295962572730358,0.002303030332795579,0.0049393609843201595,0.013328860883100601,-0.03637840963557486
2024-11-29,0.009363252125401234,0.008897982480316532,-0.0021218955709398912,-0.011944595824519438,-0.01149729393719819,0.0031518053611378494,0.025265919890290315,-0.00863615084981633,0.00047159074242194426
2024-12-06,0.02265546041103761,-0.0025198140347161384,0.017099102885317328,-0.0062558652721918274,-0.0117507164368775,-0.022125200666785732,-0.0033659657625506705,0.0044577622796302535,-0.005683438241637931
2024-12-13,0.003667263578396307,-7.409772809570137e-05,-0.006315156957117579,-0.004506360248982053,-0.01102967928160815,-0.0014853702860146835,-0.0012866066039991047,0.0055306847913331215,0.0002969926019543521
2024-12-20,-0.047673871198458895,0.0032835901333857775,-0.011099631045283241,0.010672279610214809,0.006459919908780878,-0.008913729616222874,-0.001294497688474977,0.002112148248624199,-0.009216628490882305
2024-12-27,0.009577123078961414,0.0010236921712710213,-0.003915846501818764,0.006890333957753012,-0.008987385681318277,0.0033349248305480786,0.005025046079735136,0.000374217357630519,-0.0005882973741030964
2025-01-03,0.008035375302820391,-0.008573751235828162,-0.005651528664223563,-0.004917179828096183,-0.0020417133562762903,0.00031114436079392703,0.002647072751782463,0.00012065547251202159,0.024620715452065414
2025-01-10,-0.02388069028004869,0.0020041223779507095,-0.026869881456706816,-0.00032713532877270274,0.004982751995097061,-0.016566729005679043,-0.033125410629148345,0.020874302355033174,-0.0008985925502714431
2025-01-17,-0.009743327625205356,-0.010951686035035216,0.022366916346062242,-0.005236872616738077,-0.00973050632556605,0.018107335037967708,-0.0067311131614239995,-0.012928714743567084,0.01516963934969188
2025-01-24,-0.004783823082047389,-0.001733819366793888,-0.0017053650941958858,0.006379973952965946,-0.001033813958114636,-0.0037727977598647072,-0.017925170167200764,0.010462426912409102,0.003782684957576714
2025-01-31,0.018023453198734662,-0.006858759501297839,-0.013160521772861379,0.011341818507548748,0.011840146022027367,-0.0018363218033700572,-0.01211169958227086,0.008039011121235718,0.012084860887836139
2025-02-07,0.0021927833144086417,0.00678329719679191,0.010556621154656061,0.0031821839180113894,-0.0058603707276823356,0.012389591879522072,-2.8914638168705924e-05,0.0015529454055674859,-0.02348956784924952
2025-02-14,-0.02676997360622757,-0.033317104933774884,-0.012356849990308227,0.00022626749430385007,0.017225868408206273,-0.011903397889122834,-0.04060137753602854,0.004743240776179214,0.033555715543488074
2025-02-21,-0.005815698698169336,0.009046303655115225,0.015322410743107051,-0.004047279212215058,-0.001223367527165892,0.00097374539091356,0.010726014441048703,-0.01142002057673409,-0.006899598150934438
2025-02-28,-0.02944394212878021,-0.006141519281607409,-0.00874615231067278,0.0005034044695905182,0.003021586190582397,-0.004983552076107969,-0.00793125463492813,-0.006826623216279054,0.023187556499358095
2025-03-07,0.01933589139541625,0.0019221892360189313,0.014070175255041097,-0.0013727173898218786,-0.008151033431776346,0.012556033663034843,0.014983839862267135,-0.007863478851622023,0.0012030314858694838
2025-03-14,-0.006886189169715062,-0.017293233100359906,-0.021217691796891213,0.008080020801458303,-0.0013087690202755117,-0.0031000065749581564,-0.00429990647366443,0.008421819580771088,0.02093462062478535
2025-03-21,0.04255894509689506,0.002551693287819276,0.017780599864307307,0.008217523079030432,0.0022889217108094037,0.010675915835620858,0.017238260971685543,-0.021149883699615762,0.0004097072489001041
2025-03-28,0.007235388512559782,-0.010605302922653173,0.0020274937282108206,-0.009171883363046425,-0.003974465569886513,-0.011550336778064711,-0.013429750873206357,0.005343896495384047,0.009924263739267638
2025-04-04,-0.026144447054772924,-0.0030663254590486237,0.0065475647363827175,-0.007900661945168874,0.0027004680580479494,-0.008798088218466026,0.007006401092443246,-0.01418153129509889,0.021208499941758926
2025-04-11,-0.003313698433659251,0.0031994533943403717,-0.009104296487380524,0.004430630616691677,0.021337353605659082,-0.00979820908802637,-0.005949191868306657,-0.0034546148286899126,0.015398242873002486
2025-04-18,0.04481666923050209,-0.0018464259370990083,0.00679491763156332,0.0028071890765841295,-0.006561036327943658,0.013878481397308802,0.007654984541678456,-0.0019081554537682677,-0.000343917754101232
2025-04-25,0.007869443651739028,0.006400353970280105,-0.012736438005341837,-0.0031295679306417067,-0.005685311684409753,0.005552282827705103,-0.0015354723651981109,0.01709878431692123,-0.019153443524186083
2025-05-02,0.012785271414129218,0.004954314958265809,0.005007951394100581,-0.010111194576991707,-0.013745212733662282,-0.0024788771888020387,0.00555705196362469,0.002191050771269473,-0.018173712397592683
2025-05-09,-0.01391150462355728,0.005874464488586943,-0.004165558046329194,-0.011015723039337462,-0.0004375892847094734,-0.0021991340211094043,-0.0026087207105731387,0.0025912318570013443,-0.006198703061203865
2025-05-16,0.04214431777949024,-5.8211079860558124e-05,0.005568519798656531,-0.0020642018762958986,-0.0015947659589668414,0.005999869612803667,0.01589877281033087,-0.0020167428453884903,-0.010121243520156864
2025-05-23,-0.006660740110684182,-0.0016383846532922342,-0.011396512287526615,0.0007263123559948185,-0.01838547421643134,0.021324070365327196,-0.0046346049864636795,0.00785738422399746,0.012259956462205577
2025-05-30,-0.004122260971536451,0.007935825079525565,-0.005095961099117207,-0.002358734904864696,-0.007192540547369821,0.015075587881713254,0.009894242713848127,0.005394704233546928,-0.016000845147384847
2025-06-06,0.01019573468489443,0.002647512477026723,0.0008845410663221934,0.00954027786602189,-0.01230836677894427,0.00666797297407795,0.009252049113595581,-0.0009033657173395226,-0.0048482163435412465
2025-06-13,-0.011376658567134212,0.007029964885153186,0.001811696232085172,0.011844201097426997,0.0013298691719081975,0.01122780147216403,0.010255617993512142,0.0046401778523733304,-0.012088552159257231
2025-06-20,0.015931354828881306,-0.013011598040532374,-0.004943541054834783,-0.0029808627601838724,-0.008219805721526799,-0.004196129067320949,-0.021579634385180096,0.006342800043493708,-0.0018151432848560215
2025-06-27,0.02092195020995069,0.004802198373202022,0.0038403148004275516,-0.01766111897540955,0.0027124904379850732,0.0031493277881612797,0.0016137192200917014,-0.02164199822787763,0.005569732969853164
2025-07-04,-0.006896097787736255,0.01078280273423084,0.008269009059137512,-0.0010535740588026423,0.005552698189277768,0.007022435688224592,0.008614343404682558,-0.006512332307323319,-0.0026696515715107128
2025-07-11,-0.012220666534111024,0.004239767519339016,-0.005550891149178479,0.003086059029777471,0.0030146126741424344,-0.0011035640881199814,0.0029548976234340437,-0.0007562476181591019,0.0092284011132681
2025-07-18,-0.007214723808223522,0.010366989016930967,0.009088235260500767,-0.0007024597267990609,-0.004175860547860299,0.008384569485394091,0.010913902612401818,-0.005779202239089367,-0.006336952550349484
2025-07-25,-0.00526266755455973,-0.013318649908706993,0.005729114315548081,0.0033478729823068036,0.010063262058359501,0.007050901765929651,-0.013498576025448754,-0.011421047727884766,0.016797212247439984
2025-08-01,-0.010937326997020547,-0.007778368763836783,-0.02776220652827619,-0.0008305759979951172,-0.007372073747247285,-0.003168170886134025,-0.010062294377735443,0.009951165788432519,0.014991438356546118
2025-08-08,-0.0082249522737462,-0.0074108393297631775,0.0010880215816433574,0.008681783866875,0.0023427679001811388,0.0020581488560862064,-0.00605638350051815,0.007735183133801928,0.0012379630210483453
2025-08-15,0.011000151515029977,-0.013533457469084263,-0.009599715425200803,0.011590713112742585,-0.004255075435095063,0.01681667794230796,-0.0027540551584188788,0.005620738471024272,0.004817579405438026
2025-08-22,0.00969493370430441,0.007105165251044959,-0.004462435840128003,-0.018176170492385544,-0.0023115765763556777,-0.005164511731354373,-0.00027101894215486935,0.004379281643503194,-0.01348009276288192
2025-08-29,-0.017822606542070796,-0.0017151552476031805,-0.012671741006105314,-0.007024222898956253,0.0031025962857519213,0.00029797694348573933,-0.014107435003219702,-0.0034643301165955404,0.004819141080963613
2025-09-05,0.012860863993874538,0.0018295651464543365,0.012318892017496617,0.006033193021383849,-0.007087286764894101,0.010475002284682206,0.01130045708265613,-0.0017638109996570318,-0.009265051869383294
2025-09-12,0.015076189321369338,-0.005324048602265277,-0.004698865805012413,0.012052552099389508,-0.008623354942610155,0.012970913105068043,0.0011982047731952349,0.010214393736523933,-0.009869039426700825
2025-09-19,0.008483347186827972,-0.0024482110011949873,0.004784071435297023,-0.0011722109247931517,-0.003035013996545311,0.003792576864271327,0.005315069483262429,-0.005057968341155952,0.0042325702035809105
2025-09-26,-0.02654677673713801,-0.015801829849915232,0.009617839149821832,-0.0034957612363759882,-0.003116493128731808,0.011149753622577085,-0.01121407814550783,-0.008441627666344945,0.018719867844630894
2025-10-03,0.009716232152117366,0.0018635833280041467,0.012897892965111199,0.003852571345061782,0.0007807959658501853,0.009378301867924368,0.004833585051133158,-0.0024426745624727825,-0.012858588396798331
2025-10-10,0.015710439534229792,0.002242448159108886,-0.0014997494991321253,0.0062550369655035454,-0.004578456349167892,0.006116001991452751,-0.004487712384333388,0.010194570729114793,-0.0022565355210225485
2025-10-17,0.01678837771903341,-0.012417533555894577,-0.01654142707113003,0.007824013190639606,-0.016978771376417467,0.006050743835199207,-0.016300437951749427,0.005914592796781738,0.0134890639341449
2025-10-24,0.0033178249793766046,0.008928626670504699,0.01340858343281687,0.011230701267900904,-0.0029510225013018596,0.002414328833183618,0.016736056443536453,0.0028484018894793916,-0.012421682676271983
2025-10-31,-0.0028319579511562054,-0.00208192289215853,0.014602152758678981,-0.009938469277344084,0.001053640806055124,0.028894061703177116,0.0014266618305719364,-0.01926577736595496,0.000620429253147323
2025-11-07,-0.008933906314601336,-0.0009609626091273259,-0.0005686823931078059,0.0028400943250693287,-0.00215933055875849,0.004655780411112146,-0.0010892003578377042,0.0005557630833178864,-0.0019418109798793413
2025-11-14,0.016387300761305124,-0.008779032206351688,-0.012534724779925009,-0.001587650346944745,-0.010391715603713395,0.013648081080467563,-0.007104230354930654,-0.0012607010641208314,0.0016757810940120701
2025-11-21,0.0061018641263879125,-0.013509901375833546,-0.007264167615251144,-0.001178645369193201,0.0015272147369245204,0.0002731930105846197,-0.02002207833154284,0.006572760915483467,0.006205411832306891
2025-11-28,0.005171016205794077,-0.0054715364300062025,0.004331832050804221,0.0046387602512458406,-0.005679833545587496,0.016832754701819077,0.0006021068258317145,0.002764450479199181,0.000558530765784741
2025-12-05,-0.0006297001097950172,0.0006896106661718762,-0.008037599496610096,0.015383051792406316,-0.00830358265298878,0.013130585204385913,-0.005652287510649871,0.01833362900073463,-0.009975051742199542
2025-12-12,-0.005327182728543267,-0.0026330496527516315,0.007591716282926104,-0.00016328255886517706,-0.0027679396482655546,0.00980393625622947,-0.0033278448104396025,-0.008927153626626856,0.0030885858677758456
2025-12-19,-0.0030924476969846904,0.0031589940510788894,0.004071821033572421,-0.006585965408423038,-0.008836464054722921,-0.004823405348393551,0.003012973219089655,0.0006035618965328495,-0.013646045780987466
2025-12-26,0.002923023194713048,0.0003052586197415611,0.001875545472612478,0.01198521166407917,1.9591769123123055e-05,0.0048503984984201625,0.0004378160057762811,0.008033725929737286,-0.0016211985912552756
2026-01-02,0.01099173235131734,-0.004199820322330046,0.021327444114667984,-0.0022012336174415843,0.00390893054281825,0.030255675245405293,-0.003506957420142013,-0.014898659719356572,0.004410577167058789
2026-01-09,-0.024507615529659854,0.0012856474967621635,-0.016775571889104737,0.012733794420305311,-0.0017245637881731675,0.001590878805978923,-0.0029383735543625084,0.013170822017696267,0.0007768192164978038
2026-01-16,0.0004301950212359795,-0.00020258486445302545,0.022335712421003757,0.015600491548279173,0.001483762793929609,0.013781558703527038,-0.003924730710922076,0.0015407444151553558,-0.0059505903404338135
2026-01-23,-0.025130008292344796,-0.01739358542755555,-0.0027270697596136068,0.0187336465436186,0.007212126619383835,0.00274861966902213,-0.010434735480941277,0.022202761526814146,0.011261012767019483
2026-01-30,0.010858868472283012,-0.0027055439893318226,0.007322122301892851,0.0061665997131572226,-0.007269792149585343,0.03310795568751448,0.008727904974784489,-0.012351477582634707,0.008967417656007708
2026-02-06,0.014732987595892144,-0.003644628828684998,-0.0038185130984235566,-0.029148608773037234,-0.003984237043286713,0.0016508997493516614,-0.0037745128625012205,-0.03405142891278992,0.01894438434631357
2026-02-13,-0.008663587421952723,0.005169071887688958,-0.004122193404267647,-0.010220075350887262,-0.001003617924215081,0.006376180493569403,0.0036164173563929865,-0.02011582045090412,0.001818315683540397
2026-02-20,0.003931922538127797,-0.010075880014528943,0.002651869238747756,0.007482868269946439,-0.004444621373575971,0.013562598408709494,-0.0046430283274609685,-0.002029825632137961,0.012599914628120629
2026-02-27,-0.015353164564696709,-0.010298465303102662,-0.00019435308186224048,0.007010646152692382,-0.004255752830940291,0.018304692219157825,0.008536347479248679,5.211262987458824e-05,0.014736284677964053
2026-03-06,-0.02892137428248087,0.00018584876080833534,-0.0168537429289311,0.03261713015521994,-0.005806826709173457,0.011673371101380288,0.0009423746841360076,0.017289367180862023,-0.0015618673920090587
2026-03-13,-0.05314215692931257,0.006295764992011947,-0.0029473646977530993,0.009597565199401657,0.01738585257818305,0.002999930657203158,0.016715947707966673,0.005328756711867319,-0.004077181932786535
2026-03-20,-0.0015809015551113692,-0.006358787374788911,-0.005708376840569642,0.01371569821281546,-0.0010761411047523648,0.014614430511946242,-0.00706368680385534,0.007128104169779974,0.00022012651801679283
2026-03-27,-0.012758242255943242,0.00014467439371077147,-0.012997071735109427,0.013639832363284955,0.002887623245345621,0.011890259915155238,-0.004704971236585809,0.001775449711926948,-0.0020919506334621876
2026-04-03,-0.004667040694099067,0.009943489416777616,0.004888676150771631,-0.006197481810300767,0.0010805664873441041,-0.001890653888638395,0.011571447875065866,0.0073674282289129265,-0.01445398487393637
2026-04-10,0.05888672277243634,-0.012732378104574275,-0.007719584004902233,-0.024258731445585498,-0.01914144870040161,0.02173610418033893,-0.0012768827015616421,-0.005609941160198258,0.016263687553215382
2026-04-17,0.012596408272370407,0.010333601255597152,0.00015037666076016254,-0.009464059128056142,-0.002390466685247332,-0.002519333729786067,0.012189666742903213,-0.00657194109925591,-0.01247294897913516
2026-04-24,-0.01870780842565145,-0.003071371013382374,-0.0005548965429384841,-0.0015781847919010758,0.0006066358133293981,0.03297704242143255,0.01733378753237617,-0.02595719788526086,0.02669732450894368
2026-05-01,0.004167787017550939,0.013674651365838902,-0.005737964031955906,-0.0036521136549825094,0.005550273771137941,0.019926943869708294,-0.008047354854700796,-0.0007499408707568908,0.0005424595710088864
2026-05-08,0.007442409894369062,0.006885246473969701,-0.03158789927138456,-0.003547510712576467,-0.01324556774793333,0.02758860969914148,0.005155066496235868,0.005123598461984354,-0.0025089055806828894
2026-05-15,-0.022032059778696267,-0.01184106449272923,-0.0020606540818562287,0.018184979571089468,0.0016260054814046868,0.027543997189282566,-0.018496361794829348,-0.008398713557063939,0.015061492654647297
2026-05-22,0.003205988167995333,0.0017983159104686432,-0.004979706719507173,-0.015034575544618695,-0.010500798290618283,0.009809801634768866,-0.005975710502569868,0.006520100835044677,-0.008738252463618156
2026-05-29,-0.007232539560593221,-0.0027020726353722334,0.004540340759819784,-0.010841210604271734,-0.008446487673196997,0.016673290808895895,0.003093423081377623,-0.005396077516458202,-0.005878814978977809
2026-06-05,-0.007688665849178822,0.0033009590873788255,0.0038949986056637234,-0.003159727949766122,-0.004175184205856728,0.0026938946528334406,0.007355097131039765,0.0011203263277191396,-0.0035454521179869164
2026-06-12,0.010964371539024187,-3.481680546110538e-05,-0.006332867377859223,0.005238169534388243,-0.01217622322574453,0.004687476689330462,0.005277868785039663,0.0075841194294673855,0.01273448891767427
2026-06-19,0.016517837026686744,0.0037836744182611973,-0.01655521677088693,-0.015397715802140902,-0.004347224307320489,0.008266738826838253,0.011089123272429762,-0.00017591139026580313,0.005744755463000253
2026-06-26,0.00178654115140775,-0.005478099070025685,-0.008895998871398147,0.0013039939842461041,-0.0019278527270939444,-0.0022470446350288196,0.0036797893336448038,-0.001218210689768808,0.006306117553390721
2026-07-03,0.008931227526396635,0.00016803993961663974,-0.0029938238027866883,0.022494795498217833,0.004631787032161136,0.010872581410323812,-0.0027571979792064202,0.00034511658993948736,0.004795922679798092
2026-07-10,-0.0026348158296567448,0.004231194917089413,0.0012624682350796165,0.003910288084346214,1.74136513160744e-05,0.016005864806036815,-0.0005123120485901838,-0.0015545516378667578,-0.010104290556121387
2026-07-17,0.0052629782652529045,-0.0003424556315924313,-0.0036153209704911982,-0.006350350715445711,0.005477809640068581,-0.00491772363623022,-0.007837610457936505,0.0027111304229214756,3.6532642106336995e-05
2026-07-24,-0.023294343552158647,-0.006670941393030088,-0.014517744392726151,0.009798569586422924,0.0023773872461110923,0.006098275745042926,-0.0005921027212178066,0.006004452656688826,0.015422218287417291
2026-07-31,0.025924127783090833,0.0024384262199224523,-0.0003859796347990274,0.0026471350824793585,-0.007952881686541385,0.010889495509323343,0.0019095668424433214,0.008665877967675283,-0.023017720670319704
2026-08-07,0.007671171781301833,0.00047785387378119874,-0.007998251285769942,-0.004767954274023299,-0.009741600375899885,0.019046256306636256,-0.003150078498566926,0.004212110014268232,-0.005869379033008852
2026-08-14,-0.008329058749828033,0.0033563218961332325,-0.003929342956292002,-0.006838221489880008,-0.008015251030913145,0.013393569512683414,-0.0047138430701579945,-0.0007003952199940086,-0.0008252171478862983
2026-08-21,-0.004678650578675225,0.0027344253229049597,0.0020390819153620647,0.0031409931830699454,-0.0048174926421677595,0.020152369481827248,0.00590608185264738,-0.002854842133059779,-0.0047936236007386605
2026-08-28,-0.003148177856465484,-0.005255995986720607,-0.0008135038520208874,0.0015512150616302611,-0.0074755220073355255,0.024324364244201757,-0.008554675940854621,-0.003290588614637365,-0.006040161673943936
2026-09-04,-0.011497153846284358,0.006920375588331314,0.010947110391159302,0.008143865692451591,0.015532309118430098,0.0036767893969169886,0.008703646077050264,-0.005220316914654655,0.009640263614630573
2026-09-11,-0.02090576188116955,-0.009504810565959733,-0.005864855904417139,0.0206749081722169,-0.0035431032330614926,0.02404713437202595,-0.00010052551031844784,-0.0026834370288645604,0.012897649288631534
2026-09-18,-0.0022095477672591235,0.0044134476455048146,-0.006009202086422973,0.004035478776242862,0.009653807884128864,-0.003761869482665366,0.004938673683351074,0.0002046574852469056,-0.0012285810350360477
2026-09-25,-0.008819363464171559,-0.0011423370351802903,0.010053046137928559,0.0020014017424888034,-0.007005259901196032,0.00424133636427945,-0.0007980081408871442,0.005129337497840982,-0.009154115033876017
2026-10-02,-0.022473619033728798,-0.00511709632076986,0.0016715987182490677,0.007105685345923058,0.0014835448685958028,-0.0049356129706319765,-0.005250952793987337,0.001897139641555811,0.0020722784972131494
